clip,face_ratio_mean,face_ratio_std,facing_front_frac,head_down_frac,nose_conf_mean,nose_x_std,nose_y_std,eye_conf_mean,eye_nose_dist_mean,eye_nose_dist_std,nose_to_shoulder_mean,nose_to_shoulder_std,shoulder_width_mean,shoulder_width_std,move_mean,move_max,big_moves,longest_still,still_frac,movement_drift
1100011002.avi,0.5564084401399175,0.04762737098034982,1.0,0.0,0.9714775065581004,0.03995838436210103,0.013343889702911465,0.9813049525022507,0.09295841129633889,0.0033615593264185,0.48232410583907837,0.024179594666413916,0.9460852483177227,0.025362441764346634,0.013626848194675453,0.07364471806949864,4,5,0.5084745762711864,0.0025342747462448884
1100011003.avi,0.5382148532650846,0.020909009891420548,1.0,0.0,0.9581327120463053,0.018603798545748205,0.012039093855929894,0.9769031455119451,0.10267826798680903,0.0060073555936521915,0.45529640072914357,0.009301454176329653,0.9111430272314446,0.030063501948107522,0.005854823109399867,0.02166233199378619,3,9,0.5084745762711864,-0.0019499347117322525
1100011004.avi,0.5362954962212421,0.01377509777629534,1.0,0.0,0.9634800771872203,0.017374114116810436,0.009383989581986153,0.9788353855411212,0.10601280413659268,0.004226015422902801,0.45395329821694647,0.011113819292520876,0.896391951829911,0.0332789310610722,0.0070664235306683,0.026366066649014416,3,9,0.5084745762711864,-0.003097115541060979
1100011005.avi,0.5577602522300822,0.020719175510095972,1.0,0.0,0.9653819282849629,0.02022474970863412,0.012205990061789587,0.9796300674478213,0.10180550353692266,0.003585395215911428,0.48029197956666586,0.010990996175121998,0.9047332231458796,0.030925249590665546,0.00840415152230933,0.04157432576436047,3,5,0.5084745762711864,0.0020152873324550177
1100011006.avi,0.5666236012004624,0.03373119018316616,1.0,0.0,0.9762572854757309,0.048000542582230785,0.02809086824166748,0.9822948858141899,0.09420318532040707,0.005029553832914175,0.48824768605014984,0.012468676112059806,0.903064305000315,0.038644396419908536,0.014953374629058973,0.08568364941576329,2,6,0.5084745762711864,0.016678639366073566
1100011007.avi,0.5834833926746046,0.017585701278616427,1.0,0.0,0.9706754664580027,0.025261589648334824,0.016640282903066468,0.9796310196320216,0.09743704142882813,0.0027828097299150813,0.47735835702901824,0.0074139542617792705,0.9412870049270649,0.024461483305136592,0.011474138763058316,0.10507197286616772,3,8,0.5084745762711864,-0.01268112478586943
1100011008.avi,0.571615479831491,0.007524784837731797,1.0,0.0,0.9707620749870937,0.009817913638747202,0.005573073199238344,0.9811966508626938,0.10090374830752777,0.0017620440232278738,0.47649703752779043,0.003988150111850532,0.9283456105129918,0.02182537507375604,0.004222756901726875,0.0185710908751396,2,5,0.5084745762711864,0.0005907707714193997
1100011009.avi,0.5959438036276674,0.01512377053969448,1.0,0.0,0.9720134735107422,0.019641207951961157,0.008593829528194895,0.9807960604627927,0.10088162677273295,0.0033605321883461233,0.4750766819072354,0.008295395937320198,0.9525478067799765,0.021711852263587215,0.006096492226246797,0.03805928864924387,2,6,0.5084745762711864,-0.0025138016564871368
1100011010.avi,0.5875294523540494,0.013987332414291289,1.0,0.0,0.9677331527074178,0.011810138857846422,0.012714259202934543,0.979029040535291,0.10192364418470937,0.0030587408480066804,0.47077515633914335,0.007802864492074109,0.9805026123988339,0.03858426847346842,0.009618382008323392,0.03232910890870797,4,11,0.5084745762711864,0.0028966335239779158
1100011011.avi,0.5882871335204888,0.02522385194865037,1.0,0.0,0.9624208341042201,0.028490724112669463,0.01568164376508264,0.9759294430414835,0.10037113975845498,0.003655908559560595,0.47338381814453884,0.010734026291016175,0.9341053428676651,0.04709774119218964,0.009268911446987256,0.037270039552237746,5,4,0.5084745762711864,-0.007038986888222315
1100011012.avi,0.6019788116760504,0.01334712947518612,1.0,0.0,0.9667100916306178,0.0162724558797037,0.016105757064129794,0.9767943153778712,0.10240451985759313,0.004283425713969089,0.4713435775753268,0.010945943563165288,0.8947860110827872,0.01371899489774347,0.006556522352382494,0.03918264867598271,1,6,0.5084745762711864,0.002930034133871556
1100011013.avi,0.5811320563197397,0.01364153586947398,1.0,0.0,0.9588005950053533,0.021913133718019367,0.012247177010186829,0.9740895882248879,0.10332459027777038,0.00479003536502296,0.46975868233593293,0.009730977942549597,0.9193384035454313,0.0376159183587414,0.0069465659381116596,0.03200997347545585,3,5,0.5084745762711864,0.0011850445639641563
1100011014.avi,0.5782444306816956,0.015018171794181332,1.0,0.0,0.9650834272305171,0.01124632496970278,0.0077123461155792095,0.9789217054843903,0.11108671141811409,0.0018931633369745,0.4559862593756852,0.005901307796806221,0.9469326610115308,0.02490229834528716,0.0047816261787684425,0.02696556016839402,4,4,0.5084745762711864,-0.003072837847178713
1100011015.avi,0.5773252230596806,0.00630468956869429,1.0,0.0,0.9547642678022384,0.006170859900612073,0.006854984989565807,0.9716898694634437,0.10970329754872796,0.0022862945598664517,0.44884391389719375,0.008301098263100862,0.9097663901224426,0.047548446579852015,0.005292613520633251,0.023801959044051777,2,6,0.5084745762711864,-0.0006756540962637456
1100011016.avi,0.603674347789035,0.017833036999699414,1.0,0.0,0.9666692366202673,0.020699105365664622,0.021012311259401846,0.9756495227416356,0.1035292114468975,0.005480101464422056,0.46886471889598874,0.015717520766052935,0.908628828413876,0.043213750270922516,0.014302012495724672,0.04662211895730869,4,10,0.5084745762711864,0.006219684261245471
1100011017.avi,0.6277027907321459,0.010798424936842316,1.0,0.0,0.9687809417645137,0.009415903674692253,0.0090540915270788,0.9752914776404699,0.10552893418309332,0.003739775976494145,0.4625451983378894,0.008069282082578693,0.8964250897163709,0.02025971497634282,0.005105026446966218,0.022164979826802125,2,3,0.5084745762711864,0.0008781759379915812
1100011018.avi,0.6153985723129077,0.008735855080138525,1.0,0.0,0.9656341910362244,0.00835092024144606,0.011986441095157025,0.9748207087318103,0.10796047512396284,0.003265033618818127,0.4567071997346054,0.008780600259650577,0.9147991758578556,0.023203763689994612,0.008212010569467009,0.0423637286227314,2,5,0.5084745762711864,-0.0021933720514793215
1100011019.avi,0.6240803014896982,0.020240952777018047,1.0,0.0,0.9738346666097641,0.01951867574368796,0.017118964691347476,0.9787638942400615,0.10671323791589656,0.0039021679019412437,0.462034563303294,0.011925009429549362,0.9304789676526073,0.029689084404403293,0.012489959708515757,0.05854267070660243,4,7,0.5084745762711864,0.0027220815677169493
1100011020.avi,0.6422904414122891,0.015439176365165367,1.0,0.0,0.972875960667928,0.020498944721562357,0.010526644341916283,0.97784064412117,0.10756975252229242,0.00319872347188547,0.4585650587412453,0.007472429581238485,0.9589784556741937,0.02902903688013262,0.009214381667967666,0.05244116025999958,1,9,0.5084745762711864,-0.00892227991666878
1100011021.avi,0.6253632433157837,0.021934558565435372,1.0,0.0,0.9750086257855097,0.022249744073674617,0.008002074304595782,0.979838149746259,0.10570040046172009,0.003322699462882159,0.4605060514175451,0.00887832583584837,0.9883139759769543,0.030994252717794192,0.0056468709190887175,0.04064619841922694,2,8,0.5084745762711864,-0.004232898287503485
1100011022.avi,0.632561523168074,0.010353867406335128,1.0,0.0,0.9755938192208607,0.007008476646073243,0.0071169352986167524,0.9799924383560816,0.10463729993958291,0.0037734371775196666,0.46793977233706363,0.006949433239541839,0.9216070224125745,0.03650187034713131,0.006145585130353486,0.04005941074202606,2,9,0.5084745762711864,0.0033904681994904266
1100011023.avi,0.6387950055293043,0.011192553682347544,1.0,0.0,0.9735137939453125,0.005775400709977603,0.005973826444906447,0.9766874740521113,0.10161758685913967,0.0045626600106056,0.44892367136915784,0.0167127126074918,0.8476459316054888,0.05530631564154537,0.006295399981163477,0.03598867297319753,4,4,0.5084745762711864,0.0006385151991453704
1100011025.avi,0.6227546788480793,0.029759365895046973,1.0,0.0,0.9598212430874506,0.041017203764033616,0.020788917318453382,0.9724871148665746,0.10721647294420354,0.004146937538869635,0.47162013252470725,0.013845608446889599,0.8718827469985047,0.030663677830997566,0.006846994362647277,0.04338923196869548,3,7,0.5084745762711864,-0.0006744605844587791
1100011026.avi,0.6453732820417858,0.019161793935807487,1.0,0.0,0.9545889774958293,0.023743678186314898,0.026105724907118998,0.9679772858818372,0.10642103951978482,0.004839704767199223,0.49974159480540126,0.019643297943269432,0.9168752729921011,0.01867102583633118,0.010038395002413342,0.07410838672007403,4,10,0.5084745762711864,0.01393615833464044
1100011027.avi,0.6421706402988353,0.00885144315210276,1.0,0.0,0.9524748901526133,0.014052750760740706,0.008348586855031866,0.9690294767419497,0.10752447759549974,0.002811631686235283,0.4636393983332383,0.0010903993904309377,0.8959849317115012,0.010643335842557366,0.007254224072444726,0.04544073790975281,3,7,0.5084745762711864,-0.005853145513131274
1100011028.avi,0.6367521647578374,0.012903629404462906,1.0,0.0,0.9538796911636989,0.013918830933060298,0.007540229955009962,0.9695218200484912,0.10967912783517426,0.003709357689702502,0.46141457880468634,0.008210461423364498,0.9129914042690075,0.02928257580779782,0.00708974770513798,0.03247346818604342,4,7,0.5084745762711864,0.005274770167558297
1100011029.avi,0.6407598563360947,0.012184771550692091,1.0,0.0,0.954172745347023,0.014328356099235853,0.0077745273936334755,0.96983150045077,0.11306996094818644,0.002549639111092993,0.4544055338041864,0.0069586654563849005,0.9053597669358805,0.055051466836543585,0.006533210574581271,0.026884716569726318,4,9,0.5084745762711864,0.003885997830485993
1100011031.avi,0.6058545735308714,0.015590680696127596,1.0,0.0,0.9578498790661494,0.018196768006993307,0.01946191403898331,0.9675997540354728,0.11105867644300416,0.006518719060497377,0.43701139607333245,0.017216225837582342,0.7722655171423098,0.11280634001489083,0.008777997935789712,0.044658387624480045,2,7,0.5084745762711864,0.0023437372144919782
1100011032.avi,0.60528388802947,0.008011609204130597,1.0,0.0,0.9622904886802037,0.011482023318681023,0.009113136808043204,0.9594389299551646,0.10660120373271915,0.0032746887407723523,0.4422078844644546,0.007812517055658342,0.6656298379334644,0.019995545215658248,0.007845008569626909,0.03564759067061238,4,6,0.5084745762711864,0.002042462534692228
1100011034.avi,0.6165290217248723,0.006048589204736389,1.0,0.0,0.9570514351129532,0.009539856406073527,0.013538927450455368,0.9734593490759532,0.1123456470384308,0.0028844262025245174,0.452776802632865,0.004380628200672449,0.9220318763647405,0.03036729113777941,0.008425800044879658,0.03451908438715973,3,4,0.5084745762711864,0.004929862497419295
1100011035.avi,0.5931574117154724,0.022792244540079803,1.0,0.0,0.9566985547542572,0.02250202029981641,0.013453641954161325,0.9739836106697718,0.10675278039348969,0.003719530940509415,0.46773132890852587,0.007521825796759549,0.9086383050890356,0.02312162536667691,0.011804176736253898,0.04076599291890206,3,6,0.5084745762711864,-0.0012626019608886936
1100011037.avi,0.5900464481841337,0.016902732933195736,1.0,0.0,0.9535057008266449,0.017699720032808137,0.011169880098122744,0.973917710284392,0.10414633689925692,0.0028042547294842776,0.4782022487023461,0.004265771628552385,0.9587834614679128,0.0335625188661153,0.009856478348008532,0.03219552759847275,5,10,0.5084745762711864,-0.01078978129079876
1100011038.avi,0.5918539088118676,0.021752029293029603,1.0,0.0,0.9513371656338374,0.022723183051723304,0.0057518670714275365,0.9732110048333804,0.10751017014677017,0.0030695694251136017,0.4675103115872892,0.00862717428251216,0.9481170677517065,0.045180239780056725,0.00596148847375937,0.019614191819391287,2,6,0.5084745762711864,0.0001744767734275926
1100011040.avi,0.6088021288778767,0.010363783515715786,1.0,0.0,0.9619095573822657,0.00706814948370441,0.00815205664603178,0.9769123728076617,0.10756760650314964,0.004003107951550966,0.46210119590003984,0.008601661424956428,0.9232586990717083,0.022285131443518548,0.007638228937541737,0.027794855760656895,4,8,0.5084745762711864,0.0012468649705213147
1100011046.avi,0.6133712713849148,0.01028898120521945,1.0,0.0,0.9715064346790314,0.022018233925381145,0.012583884475337499,0.9722940057516098,0.1055599014527007,0.0026557393503563904,0.44615238810404106,0.012582849468913386,0.7374270020196305,0.05795816623949521,0.008381239782883696,0.037861463285603775,3,7,0.5084745762711864,0.0014049263747314654
1100011047.avi,0.6420650605180591,0.018056339948327917,1.0,0.0,0.9677160521348317,0.02789063604712376,0.011297814924123115,0.9728261485695839,0.1066916292172231,0.0047895542525725155,0.46411277406181206,0.01633074975492549,0.7894688822637923,0.10904750146995434,0.011981536157102705,0.045377208952268974,3,12,0.5084745762711864,-0.009662658100320624
1100011048.avi,0.5953031640524525,0.041231438264031174,1.0,0.0,0.9600418686866761,0.0601816259917258,0.016278286209758203,0.9770741914709409,0.10213824393269742,0.004932167506445672,0.4678458238250634,0.011929667674121604,0.9738999511268853,0.07952475990289787,0.010914201785677416,0.07490374571009398,2,9,0.5084745762711864,0.010415847888561293
1100011049.avi,0.6016817143029083,0.007047872270989362,1.0,0.0,0.9608554661273956,0.007140723321806773,0.007421223985348624,0.9765205239256223,0.10476663768563015,0.002812358832679761,0.4677013517967574,0.007174304312716464,0.9035158729702025,0.04804224440627423,0.008207412976808116,0.03538240852359252,4,6,0.5084745762711864,-0.004045607705801379
1100011050.avi,0.6273797443540815,0.009204549041450814,1.0,0.0,0.9425992464025815,0.008914556053433423,0.00695955798313497,0.9617681872099638,0.10889304073178899,0.0026155415658827164,0.45632704480007796,0.008349489550982213,0.8909754841838948,0.015492221947022454,0.0070036508752162295,0.02708109554221686,3,4,0.5,-5.3771589094930156e-05
1100011051.avi,0.6290018204562544,0.008135335526398719,1.0,0.0,0.9614147504170736,0.009019737637071208,0.006137659623236857,0.9758258233467738,0.10731247846527976,0.0016571937462991,0.46287677361280855,0.004210570282482099,0.9527224486916112,0.039118794758044036,0.006053375493129828,0.026966088427044854,2,7,0.5084745762711864,0.0010741435602186012
1100011052.avi,0.6138200765863465,0.007343346313246445,1.0,0.0,0.9564223438501358,0.004463050406291615,0.005611946297693544,0.9740155726671219,0.10645655141094071,0.0021673484317624426,0.4550513593152287,0.005208869190178306,0.9398733563741793,0.043558013356218984,0.005065709723205123,0.016671295078999674,3,12,0.5084745762711864,-0.002084614982083074
1100011053.avi,0.616459585966406,0.015880736024906195,1.0,0.0,0.969769956668218,0.023058745126399167,0.009800281858833148,0.978889174759388,0.11122632914712896,0.0028284306683417654,0.4360456800575082,0.01450917524302739,0.9281944844541611,0.03107164431606755,0.007884043452831745,0.035209319029657696,3,10,0.5084745762711864,-0.003951395489305274
1100011054.avi,0.6043343261295007,0.03173165339300809,1.0,0.0,0.9600216925144196,0.04044854631265827,0.010567930987682345,0.9756569012999534,0.10706751316855641,0.0025063608167876935,0.4498104983751132,0.006599277205523509,0.930005125673072,0.03304205677912088,0.006904724116879387,0.05697914246626141,2,9,0.5084745762711864,0.003805105342672749
1100011055.avi,0.6014980258700604,0.015544201335616287,1.0,0.0,0.9521246661742528,0.020565038543011612,0.005918877655036686,0.9733793179194132,0.10577886868236702,0.0018541907402083969,0.4674645520553848,0.0027484252210225857,0.8967428280524209,0.03568652395413008,0.005802971325819637,0.018848332015622523,3,6,0.5084745762711864,0.0038316400161638015
1100011056.avi,0.5990989203360318,0.0057220820131662475,1.0,0.0,0.965524576107661,0.009463789367320589,0.01017198617461508,0.9784392103552818,0.10543987437339146,0.0017322788718891588,0.4721884205508899,0.0039004418707379845,0.8317528211815731,0.011144978115263663,0.005564598852110996,0.020765080494891442,5,8,0.5084745762711864,6.374025664906621e-05
1100011057.avi,0.62727095520828,0.02453550056717284,1.0,0.0,0.9643925497929255,0.03953288989471567,0.013241069121453442,0.9742838536699613,0.10929430275531721,0.00498414454502988,0.4645993906236962,0.016826676348966788,0.8771549777603865,0.04181446177805477,0.01581805328140321,0.0469550148173305,3,13,0.5084745762711864,-0.004273675201269346
1100011058.avi,0.6112232233805334,0.011592042762536841,1.0,0.0,0.9598778386910757,0.013885092803631467,0.00823378072399404,0.9745389093955358,0.10653355941020679,0.0016613580949429547,0.47256494024711776,0.006554006468966716,0.8554996458693845,0.02355169976693955,0.008209297993650161,0.02557307301485527,3,10,0.5084745762711864,0.00018929539624402796
1100011059.avi,0.5856890799445901,0.04185373442276037,0.9642857142857143,0.0,0.9673089573780695,0.05917551711570006,0.03431541292830643,0.9785644431908925,0.10352591857345518,0.008430172576726961,0.47056538285664024,0.01857032559141573,0.8737212397211375,0.036696205113185186,0.02213817277622453,0.07726914982663628,3,11,0.5084745762711864,-0.004121957457236175
1100011060.avi,0.5887331039728039,0.01236896156150339,1.0,0.0,0.9589732021093369,0.013952845416129775,0.008315977152862678,0.9743354762593905,0.09800319490202004,0.002770020838893115,0.48169817992321473,0.005191788354121539,0.8235061778331733,0.021653489912058434,0.009913881614490515,0.04714392052376282,3,6,0.5084745762711864,-0.005513780596090028
1100011062.avi,0.593895113962819,0.006922493403195998,1.0,0.0,0.9597824513912201,0.0038252260063488253,0.0038475045662338205,0.9750615795453389,0.105404072857398,0.001739779808470205,0.45560247493935924,0.001662710719016656,0.8295674072708854,0.013171518699420275,0.004342255029404453,0.01183251868297509,3,4,0.5084745762711864,0.0009958233341004143
1100011063.avi,0.5862864981579912,0.00727308738843532,1.0,0.0,0.9570156594117483,0.005497269464338301,0.00401758414435978,0.9754520192742347,0.1057183475328495,0.0019097351172025854,0.4566207685690864,0.0005816975291567383,0.8326278574692686,0.007552931819365338,0.004745873627168867,0.013458339188952164,4,6,0.5084745762711864,0.0003271210098620301
1100011064.avi,0.58684616679248,0.006586207591866359,1.0,0.0,0.9526833415031433,0.006833268279969359,0.005186889136498637,0.9734211812416712,0.10508370350051997,0.0013551850896198403,0.4579289039870666,0.0037335666691666325,0.8506920159926796,0.00574638824132806,0.0076853641740360235,0.027679058081089277,4,6,0.5084745762711864,-0.000250988234984797
1100011066.avi,0.5892414564134987,0.01989772484984795,1.0,0.0,0.9022052690386773,0.27161407871471577,0.40522018615801786,0.919733622452865,0.10540268264793803,0.005339760096768634,0.4525306980998189,0.018737023761853405,0.8184954499886882,0.1507237717540116,0.111837766640932,2.6649650791194412,3,5,0.5,-0.20224324708121622
1100011067.avi,0.5661305559279002,0.017513681917809838,1.0,0.0,0.945841567715009,0.01637345768088328,0.006526625218381079,0.9723615268866221,0.10854651693557446,0.002161105889176893,0.45834650963769175,0.002912772987664397,0.8709248114227266,0.02342345063596219,0.008021576765099478,0.026526020342874542,4,6,0.5084745762711864,0.0001530157254119105
1100011068.avi,0.5756921979797699,0.00883072551313046,1.0,0.0,0.941351372996966,0.010058624391982346,0.0059747686324578995,0.9706063543756803,0.11024249063491154,0.002178261056735475,0.45718363936005824,0.006299731718281961,0.8734995049981965,0.025807697520689163,0.007202494860088702,0.024844021212968585,4,4,0.5084745762711864,-0.0003811884269225392
1100011069.avi,0.5834446204646013,0.021603815180634547,1.0,0.0,0.9627962271372478,0.03475613024453707,0.02584391391660617,0.9754577174782753,0.10689357477762029,0.005532761355994959,0.4564501471748983,0.013134271936575091,0.8665894352012704,0.021515566162326662,0.011636415548846698,0.038381400157697525,3,5,0.5084745762711864,-0.0024465957453546523
1100011070.avi,0.5970846865882208,0.008038727359039707,1.0,0.0,0.9667605171600978,0.008693687120879874,0.005175880924132452,0.9749900748332342,0.10643400067135253,0.0031771480905055122,0.4554682802852569,0.0038813193993519823,0.8577888366175324,0.023786056826722014,0.007398979877099502,0.021010193220986045,2,3,0.5084745762711864,-0.0016874536272499432
1100011071.avi,0.5806600833817176,0.01321164669734796,1.0,0.0,0.9525073736906051,0.011545832130127585,0.009089460067812732,0.9763989036281904,0.10493891628264906,0.0031456692596400024,0.4538041503105904,0.0033779426716327127,0.9161223857472751,0.009704590913692314,0.00724856807712205,0.022242233941145065,3,6,0.5084745762711864,-0.0016166160543916999
1100011072.avi,0.5832214045397391,0.006511192494645497,1.0,-1.0,0.9510727465152741,0.007859095773403931,0.007088034870983343,0.9767213409145673,0.10796159037067452,0.0016214453678268135,-1.0,-1.0,-1.0,-1.0,0.005584920914980588,0.01897834395641029,4,7,0.5084745762711864,0.001594537790936103
1100011073.avi,0.5875631081540047,0.004720329557348523,1.0,-1.0,0.9511351337035497,0.007262935228700522,0.007320890596514685,0.9762988676627476,0.10905389998637699,0.0016040469697555378,-1.0,-1.0,-1.0,-1.0,0.005355312290673867,0.013533924724480347,1,8,0.5084745762711864,-0.0016124584780243595
1100011075.avi,0.5387943029650578,0.024737699044128474,1.0,0.0,0.9567028949658076,0.03069514414704529,0.014794749548929252,0.9763255044817924,0.10552866358024833,0.003946820664932999,0.46414652248783794,0.005641660076033866,0.9178936828475023,0.03938313175976066,0.012389386582978473,0.08576496823393923,1,8,0.5084745762711864,-0.007615458053135078
1100011076.avi,0.5622830021092964,0.011552621738212195,1.0,0.0,0.9485501885414124,0.009592977445021734,0.008048929218510229,0.9744923179348309,0.1048781164464589,0.0028764369537434345,0.4613269776126603,0.003441214813508248,0.8757622490850537,0.03911948979728491,0.006463722496369797,0.01911385722699122,3,4,0.5084745762711864,-0.0005611129652957954
1100011078.avi,0.5887310741095566,0.012792093346225063,1.0,0.0,0.9517192085584004,0.015059360781845475,0.008606232242269383,0.9720680142442385,0.11324660829801507,0.0030562507594471574,0.44176897915097235,0.0075513747490409695,0.8971812194311778,0.04638646590188196,0.009896048978786657,0.027286752309502088,2,7,0.5084745762711864,0.0012702415356363583
1100011079.avi,0.6246201999427633,0.016864928022737147,1.0,0.0,0.9610466221968333,0.017534143460245673,0.012185309159402316,0.9758871078491211,0.1149115097261065,0.005003149305650009,0.4302052953237551,0.018621883958256792,0.9321277256519446,0.029423487263487157,0.012555956474367304,0.0428131019680255,3,6,0.5084745762711864,-0.0051666092603704535
1100011080.avi,0.6343223281088347,0.025587594386044247,1.0,0.0,0.9557990819215775,0.02623087480426749,0.006961264107588853,0.9741528809070588,0.1132834554952829,0.0031610104720235593,0.44479854354059095,0.002351333921138165,0.9234597345657471,0.009963533735279775,0.011055839037993684,0.04028871569591698,3,5,0.5084745762711864,-0.00044884746827349165
1100011081.avi,0.6087498552087928,0.023691140774268985,1.0,0.0,0.9533695191144943,0.01736128297198515,0.016481349092776314,0.9744720786809922,0.10975967648534293,0.00392359965470267,0.479090609355757,0.0007277730527842641,0.8954977397189117,0.006566045537764964,0.009918211848987859,0.029658213830278706,3,5,0.5084745762711864,-0.00013240877494233652
1100011082.avi,0.5939323950585139,0.011753906900386092,1.0,0.0,0.9458471596240997,0.17886196341822586,0.1844484317582889,0.9542767660692334,0.10829865364879801,0.00839423641907506,0.35221213592456024,0.14521383410765162,0.749164558605699,0.2498239330731451,0.056408773874957796,1.4181093202363138,3,5,0.5084745762711864,-0.09911250758140923
1100011083.avi,0.5782990572475597,0.022817082280477567,1.0,0.0,0.9311926578481992,0.10513643656820511,0.21758763192994204,0.9461460756137967,0.10801910715873693,0.003943104672648378,0.45577500140025556,0.011803736895276216,0.859566180381499,0.10062537568363213,0.07747721333751734,1.8842712735324696,2,7,0.5087719298245614,-0.1376405179418686
1100012001.avi,0.600067055091873,0.010481998246952392,1.0,0.0,0.9704814841349919,0.009905543872313584,0.013710483713465726,0.9814180746674538,0.09805688399001138,0.0032412210180017016,0.5057355022724074,0.011436753664573978,0.8828146862376461,0.014145070722285965,0.008072429241813162,0.028636224377254913,3,4,0.5084745762711864,-0.000554873416334257
1100012003.avi,0.5848464403785041,0.01823439267586034,1.0,0.0,0.9706957827011744,0.02320773329993831,0.010764213944615393,0.9820766081412633,0.09910802780432176,0.0033824312382911906,0.5060397634813464,0.006318049432844852,0.9031702106307434,0.013512425292597776,0.007213415738605793,0.025478727716341437,4,8,0.5084745762711864,0.0030844695352229964
1100012007.avi,0.5944745605964349,0.020554048315495604,1.0,0.0,0.9622911751270294,0.024516809815850374,0.02763573136865865,0.9780831540624301,0.09546305761844079,0.006638027194444433,0.5142814331626152,0.017986238113797903,0.8799911923597697,0.032418938063250545,0.01216495324706451,0.0530866294177454,3,7,0.5084745762711864,-0.002168543558486254
1100012008.avi,0.6006807928546775,0.020843797326870382,1.0,0.0,0.9698820879062017,0.0201246097835196,0.022097089803024945,0.9797838176290194,0.09288271852264489,0.005573628498438307,0.5188929748344376,0.01810596991133088,0.870587628936131,0.04056720686201965,0.010639607637773229,0.041077307892720495,4,8,0.5084745762711864,-0.004088238398288906
1100012009.avi,0.5921549966338755,0.03616156659402537,1.0,0.0,0.9653444280227025,0.027960541541030504,0.02981835258552427,0.9788549070556959,0.09365387394841228,0.008929568567762192,0.5185711422032198,0.027007986250950078,0.9069744272352025,0.035575891798866555,0.014984983461636073,0.0482762614271463,2,4,0.5084745762711864,0.004313290770374062
1100012010.avi,0.616697128318432,0.012733932110003471,1.0,0.0,0.9639120558897655,0.015680255282804124,0.007194414940912744,0.9788373177250226,0.10252906365827007,0.0023080274826832504,0.5061275179549476,0.0052796565826893765,0.9421709540585976,0.017767711353465238,0.00818223701296707,0.038308703816517464,2,6,0.5084745762711864,-0.002548098455241135
1100012011.avi,0.6318560315471212,0.02653996072016005,1.0,0.0,0.9671717872222264,0.03157925799402779,0.014630786926977876,0.9791069472829501,0.1044600301274532,0.0022449367896290335,0.5023412473434712,0.005952468759778708,0.9291049980779486,0.03392313248217895,0.01280659189649728,0.051442787787346976,3,9,0.5084745762711864,0.0025330852895174456
1100012013.avi,0.6032938175624876,0.02038063746636167,1.0,0.0,0.9687671432892482,0.014822605834270976,0.012205779337244427,0.9802515422304471,0.10198092876423422,0.0035671684941633365,0.5051418293244093,0.010858307159604464,0.9148485147297604,0.0228915434776168,0.006437007733658511,0.02719808379629389,3,5,0.5084745762711864,0.000784117609511201
1100012014.avi,0.5879153081911143,0.009968621106726276,1.0,0.0,0.9672560840845108,0.013790679580941555,0.018067438929079905,0.9797997107108434,0.09326017169012928,0.0037501067006085586,0.5291352577996614,0.011569283026292707,0.9138371848227441,0.02777377552219266,0.012300657612625113,0.06718478678454072,2,6,0.5084745762711864,-0.0028979733081098257
1100012015.avi,0.5944260951050979,0.012538694774901453,1.0,0.0,0.9627385059992473,0.009941918443571842,0.008384352452259162,0.9779008224606514,0.09888129422923785,0.0031584143000200813,0.5135448938314267,0.007108086100624542,0.8866007129358385,0.02569384844766673,0.00881348868776521,0.034510583000511776,3,4,0.5084745762711864,0.001007961259989686
1100012016.avi,0.6000495544029071,0.02067329903484475,1.0,0.0,0.9604876687129339,0.022029995842615405,0.014785252616143324,0.9770528867840766,0.09818992970284277,0.004647227843370189,0.5177617599167077,0.012940631830094635,0.8792151940727696,0.026457565076776372,0.009898974956270571,0.05519183175205338,3,7,0.5084745762711864,0.0023465342233499036
1100012017.avi,0.6147925743515563,0.01566841962444325,1.0,0.0,0.9631896714369456,0.01966209612412968,0.016391036329780305,0.9775116632382075,0.09952451891715386,0.004810498934346687,0.5191015988038131,0.010373826946787797,0.8820803350991349,0.021272127006164165,0.014182955194563132,0.046207702849653046,4,5,0.5084745762711864,-0.0075509305632235225
1100012018.avi,0.5856551134150507,0.026630961231511367,1.0,0.0,0.9689801683028539,0.027754184641571464,0.015070471375214004,0.9794745340943336,0.09517397117514911,0.0048175942333181735,0.5166859208897964,0.011897815453266654,0.8513748622306619,0.03533689866214071,0.013198444062087113,0.05297550960515752,2,5,0.5084745762711864,-0.0012147941176123764
1100012021.avi,0.6280269694653577,0.031746880574582796,1.0,0.0,0.9738895734151204,0.031370456550658087,0.029562827752290636,0.9794136608640353,0.10512392698716977,0.010609940858416642,0.49486899555030267,0.03544641617734726,0.8612918380707895,0.02139364131031142,0.013006839961228662,0.07954677229253665,1,9,0.5084745762711864,0.008038980465664246
1100012022.avi,0.6171208823768136,0.012354686305460993,1.0,0.0,0.9708494007587433,0.016578587493208098,0.017282384471793158,0.9784590954581897,0.11025178837798884,0.004671714334856963,0.48233471185820237,0.010720054911625544,0.8465057542807684,0.017293652732156745,0.020856985086181678,0.085332659649482,3,6,0.5084745762711864,-0.0031356709397324656
1100012023.avi,0.5986581467396054,0.010302430000917429,1.0,0.0,0.9679771224657695,0.015099598549096005,0.019875309655078173,0.9792972589532535,0.09760480064724403,0.005967036205660996,0.5037858070985988,0.014039323100986274,0.8574378731965437,0.014591119636377289,0.011540874030533632,0.04305880171129309,2,11,0.5084745762711864,-0.009581284132244617
1100012025.avi,0.5772383395576155,0.012372338527675322,1.0,0.0,0.9644584467013677,0.019131730176285975,0.023519907033804528,0.9803071325023969,0.10561324950709024,0.007405882786012707,0.48140107186443437,0.020626898900578592,0.9019920554627366,0.04478523468283645,0.010459453650311144,0.04057034384262312,3,14,0.5084745762711864,0.005574695637560051
1100012026.avi,0.6100013967964232,0.02829589837835637,1.0,0.0,0.9669453253348669,0.022400501879316255,0.018599998993878184,0.9804801687598228,0.0999636111575382,0.008146438268223083,0.5059052634285557,0.029809911046095275,0.9269811685810192,0.026719383896769443,0.011174057042044945,0.08762625406756976,3,10,0.5084745762711864,-0.007168311290042097
1100012027.avi,0.6094354363668131,0.00766481959187881,1.0,0.0,0.966285761197408,0.008496823058353952,0.01090185644846028,0.9799696609377861,0.10204945271176044,0.003489452095004572,0.5012947025298292,0.009668767926667937,0.8871973876705362,0.015079058018896824,0.010944401341273322,0.03604067884723044,2,12,0.5084745762711864,0.0037724135963753645
1100012028.avi,0.5885663810990338,0.012655688731391565,1.0,0.0,0.9679050346215566,0.01699645277815935,0.009761771069746787,0.9802378848195076,0.10265642111451538,0.0027929512431843885,0.49796012882377544,0.005387784482554385,0.8553926941679546,0.020882507825282885,0.008463039359615652,0.03637015563177275,3,5,0.5084745762711864,0.002367069865305416
1100012030.avi,0.5969384996109973,0.02088775800576375,1.0,0.0,0.9659237176179886,0.05380945390771469,0.04967135843247558,0.9775720159212749,0.10037782011921599,0.007248453885109563,0.4981254005304761,0.02357505227255955,0.862752217804374,0.016248259262870823,0.016923576025519162,0.10311536231259175,4,8,0.5084745762711864,-0.022117630571611886
1100012031.avi,0.5946447320572151,0.03876060993486804,1.0,0.0,0.9701816668113072,0.02530795316237706,0.009732188662425787,0.9788860668738683,0.1028235005504856,0.0030238383016319933,0.4875624821966125,0.007806593410257217,0.8599017924481162,0.014511092048315489,0.008851605321263539,0.06009001879455605,4,7,0.5084745762711864,0.007207669245547033
1100012032.avi,0.5849174408716956,0.029881737489991594,1.0,0.0,0.9673581689596176,0.030763595157380277,0.02189024605475195,0.9776420056819916,0.102317122909955,0.005803436263472815,0.48754731001069834,0.014126573321567729,0.8829793466959347,0.028911860681689813,0.014594779054254731,0.05823882627345247,4,7,0.5084745762711864,-0.011499918670438323
1100012033.avi,0.6222916950772962,0.012007865702959098,1.0,0.0,0.9685692290465037,0.017520822799199892,0.009831698649166314,0.9780332803726196,0.10061013508927585,0.0036387100285704284,0.498524032742775,0.009488744789922463,0.8789056600875803,0.01915787230709661,0.008427878099664604,0.056727699302610006,2,9,0.5084745762711864,0.0035629291215424023
1100012036.avi,0.6026232456965488,0.012210832424619648,1.0,0.0,0.9589453746875127,0.010327941900678666,0.004921450396751361,0.9755249296625456,0.10433448123307981,0.0020286270303185258,0.49668334407724046,0.007257060979924249,0.8922139482827073,0.029934585373161824,0.005078793827585842,0.013174699843701418,3,6,0.5084745762711864,-0.00026843092768958493
1100012037.avi,0.6049481454768012,0.016919390647028548,1.0,0.0,0.9683293988307317,0.034335903677519944,0.01996818521359166,0.9776613513628641,0.10181967834054337,0.003075614803514217,0.49726354633005804,0.015376923726508616,0.890597456326648,0.02927328803816594,0.011786286911946305,0.05159583962008452,4,10,0.5084745762711864,0.006670871170857615
1100012038.avi,0.6170583649743784,0.0172424939269679,1.0,0.0,0.9698487917582194,0.016523014452428642,0.011553719131979822,0.978552428384622,0.10256068488684918,0.004084850256442936,0.5053262744559195,0.00903735304469199,0.8543299427225599,0.03218680299040474,0.012385393752520736,0.04483311708687009,2,8,0.5084745762711864,-0.0022611024268561365
1100012041.avi,0.5767809705099687,0.028934832784329925,1.0,0.0,0.9713183114926021,0.015680086905907678,0.011265049325570318,0.9795553122957548,0.10854474958048774,0.0038285692040811057,0.47791165180763806,0.011377579599330265,0.9077924734416156,0.02240443463692422,0.010775244102394882,0.04747401621027537,5,10,0.5084745762711864,0.00915268639842321
1100012042.avi,0.598262576129327,0.021199014747988767,1.0,0.0,0.9623663475116094,0.01616495846295422,0.017481082286833052,0.9758541777729988,0.10393599545901773,0.0043902644016151375,0.4956498324254117,0.014492688017629967,0.8806854004238033,0.02484250405684828,0.013008151147803116,0.03840489748279976,4,11,0.5084745762711864,0.0034797026147659563
1100012045.avi,0.5661194829360348,0.008262782923053906,1.0,0.0,0.9506106505791346,0.012659994902271793,0.011215257668437421,0.9734174941976865,0.10334013211372248,0.003952248347926697,0.4950640361991472,0.008257072300434544,0.9304226337132614,0.018512580277640973,0.006339772944284106,0.0271727378223667,2,5,0.5084745762711864,0.000934887679162404
1100012046.avi,0.5647398772844433,0.009015760448890946,1.0,0.0,0.9541134556134542,0.007051117937711916,0.0053831231615745654,0.9753057385484377,0.10300034755215408,0.0024929160932701915,0.494546560971391,0.0054814221404219515,0.9455402881567189,0.027964119424851743,0.005351073296750338,0.020519449549704034,3,8,0.5084745762711864,0.0008443875675127627
1100012047.avi,0.5674626805392423,0.010287540827667594,1.0,0.0,0.9557839930057526,0.00813954021308685,0.011547974096327808,0.974602177242438,0.10356578433277817,0.0031775236464433995,0.49259720260475814,0.010653360506792484,0.927951183916383,0.04085187165459189,0.010981678131026714,0.029587446168209842,3,5,0.5084745762711864,0.001521208706994943
1100012049.avi,0.5649049677620805,0.009317683926342283,1.0,0.0,0.9580487728118896,0.012713055404158053,0.016340429321916667,0.9773610343535741,0.10285914461318563,0.003601607389394067,0.49964088303498744,0.009757812539306252,0.9821326456195592,0.02363092226228816,0.007982754888616174,0.038618041951146605,3,9,0.5084745762711864,-0.005565482330372194
1100012050.avi,0.5648738377113737,0.013642391008306162,1.0,0.0,0.957354994614919,0.011872998317445054,0.009047615212773199,0.9764200215538342,0.10389100684143851,0.0021478761330286445,0.49069097232457753,0.00686739351983491,0.9513697083256811,0.025459374451992492,0.006978019954507896,0.02002642885799235,2,12,0.5084745762711864,-0.0012406638429534574
1100012051.avi,0.5446396788627531,0.007204853491623164,1.0,0.0,0.9538632969061533,0.009712557783312944,0.007413004235317824,0.9767325912912687,0.10835669701685997,0.002396472783631589,0.47799036982937815,0.006543210356586109,0.9850018600522558,0.022190793003116497,0.009666255521948582,0.030686178878334705,3,5,0.5084745762711864,0.0027867840014411133
1100012052.avi,0.543432168153441,0.006871953619334012,1.0,0.0,0.9543192466100057,0.00357641587705109,0.005474198733720134,0.9767548938592275,0.10775069868284398,0.0017941620267826132,0.47631426070917676,0.0057249266467982495,0.9670751986615455,0.024615947913110506,0.00572613039424962,0.017465441462746957,4,6,0.5084745762711864,0.0007124765771440262
1100012057.avi,0.5310548307127404,0.009026933400652528,1.0,0.0,0.967987847328186,0.008188947907668389,0.005005920455896151,0.9823610424995423,0.1106576424695773,0.0015826403885803554,0.46517858811687823,0.004539787859616374,0.933228157279384,0.020177356880035236,0.004057614611519795,0.019341883136884088,3,7,0.5084745762711864,-0.00235990560112736
1100012059.avi,0.5734086718834278,0.013361691309015227,1.0,0.0,0.965531258781751,0.019710312444576248,0.011254111489896418,0.9801298504074415,0.10238179094169543,0.003573197307511976,0.48873253231495456,0.008504175022558264,0.9221994419131517,0.022351095840561077,0.009331349336658544,0.05210602722747832,3,6,0.5084745762711864,-0.005560359539180898
1100012060.avi,0.5690682397979957,0.007118264314987692,1.0,0.0,0.9657992412646611,0.0045966227294577475,0.004970970662089099,0.9804885764916738,0.10310940691460178,0.0021434948882932034,0.4884793601091821,0.003958574826130176,0.9021426656071573,0.02060349976106192,0.005074867127633458,0.02339890302096617,2,13,0.5084745762711864,0.0005438357554474723
1100012061.avi,0.5480491208700722,0.009134750199872553,1.0,0.0,0.9639362335205078,0.010781371261406712,0.013266521109945714,0.978445612390836,0.1032998923947563,0.00405394296261088,0.4812622679848038,0.011601694484280082,0.9031760838937457,0.05021715873524777,0.007598429655355212,0.04411696124720598,3,6,0.5084745762711864,0.006238062569304423
1100012062.avi,0.5301602682154971,0.018638951667215253,1.0,0.0,0.9633090714613597,0.014428462384615655,0.018927808184184377,0.9806314438581467,0.1058130420659124,0.004909095718935823,0.4765858592542166,0.01321359955150959,0.9155957355298658,0.029562613333840387,0.018122195471847204,0.046797652419568334,3,9,0.5084745762711864,-0.007608709836317127
1100012063.avi,0.5540174294687975,0.03798247156539489,1.0,0.0,0.969682968656222,0.03114432111171116,0.014783526698300103,0.981392054259777,0.10906930728627183,0.005311086013989641,0.4666210907446164,0.017446539250694514,0.8768827977790785,0.022795099525479454,0.01215526269463229,0.07603902949457055,3,10,0.5084745762711864,0.00975060067837158
1100012064.avi,0.5533238700910019,0.02567106615583276,1.0,0.0,0.9643078704675039,0.42488779580571334,0.5018914579976743,0.8963040073091785,0.10163959039614802,0.019764090556902796,0.3592938665176453,0.16144091136014865,0.6647310891592525,0.3473097544713593,0.16367614163333513,1.7228058766767678,4,20,0.5084745762711864,0.16286769863655104
1100012065.avi,0.5698388665165891,0.009010687752585948,1.0,0.0,0.9694923142592112,0.018916885547935833,0.009945960307410724,0.9827326834201813,0.10566565986393746,0.003797715804466214,0.4664168259342079,0.005850854683841076,0.9314727848838374,0.03154048341026713,0.008434359755259383,0.03151005859128898,3,6,0.5084745762711864,-0.00034009890170772807
1100012066.avi,0.5630449483407737,0.02272436841529477,1.0,0.0,0.9607572029034297,0.023923900062717444,0.0072993050501424005,0.9783096278707186,0.10220772288962568,0.002401959139649731,0.47431708075350143,0.006388546032625473,0.913236881794144,0.028886740255610104,0.007329861580810942,0.02628239700981558,3,11,0.5084745762711864,-0.0024996587163027403
1100012069.avi,0.5383531074484394,0.016581063381057522,1.0,0.0,0.9676788419485092,0.011405993457664526,0.010590240091113649,0.9838394835591316,0.09938387085295129,0.00361771378694994,0.4866376939984846,0.010766573194773612,0.9760439458958701,0.03220654096396218,0.007914332002809051,0.01797954595915561,1,5,0.5084745762711864,0.0006085898817705
1100021001.avi,0.5573941403800878,0.03134348431175587,1.0,0.0,0.9871513038873673,0.07742221508023249,0.07848935393501355,0.991543767352899,0.09902476847086991,0.015237489758641604,0.38581044982599494,0.045791192269376196,1.0191910662816464,0.020704340022991,0.018670603330705166,0.15421959933642188,1,6,0.5084745762711864,0.012748847642705657
1100021003.avi,0.5288337955050998,0.01668967538830176,1.0,0.0,0.9867345780134201,0.051395608033109316,0.053812261908719655,0.9925069098671278,0.11947579952051754,0.012153449223457612,0.3317214910640451,0.032420976328783435,1.0575978229360203,0.0182258399521396,0.022450477722057802,0.083547578316547,3,11,0.5084745762711864,0.01477577579783683
1100021015.avi,0.44185482102989043,0.03583524963237969,1.0,0.0,0.9830283552408219,0.09271459757086727,0.024116257532762777,0.9918135662873586,0.14218729474567673,0.004813238019672489,0.3091129100048913,0.024321207370141915,0.9887411567096469,0.03627802438620581,0.021581807636105187,0.08421846561392693,5,15,0.5084745762711864,-0.036136486258718105
1100021038.avi,0.517588902538301,0.021093658766153975,1.0,0.0,0.9740676860014598,0.09867228188385636,0.07081413474714993,0.9793405334154764,0.07620380652808172,0.011850168544610431,0.45400569213228237,0.036900475380597104,0.92604889774841,0.031591666647865634,0.028411005150178102,0.11028195044949189,4,8,0.5084745762711864,-0.022622040902317016
1100021039.avi,0.48874075320235794,0.006271659968886123,1.0,0.0,0.9700361957152684,0.011212318469606424,0.0164287964879078,0.9769372666875521,0.09001564538394194,0.005523057015165628,0.4173352501062814,0.016333654464529935,0.9327127017213804,0.0087559590061745,0.006079847526830864,0.015936903798749995,4,9,0.5084745762711864,0.0028938884832987975
1100021040.avi,0.48613968263851887,0.015619694381054093,1.0,0.0,0.9702601452668508,0.044471235766739586,0.02429940834433466,0.9772089938322703,0.09255158489179813,0.006771869365003513,0.4099125564542991,0.026467636456159772,0.943332154380952,0.010629959590710177,0.011926085276067656,0.09378004913389888,3,8,0.5084745762711864,0.013302035761512534
1100021045.avi,0.4994568006081164,0.013222534296682735,1.0,0.0,0.9676853388547897,0.012471359667608792,0.016590969521405072,0.9764293904105822,0.085000896097996,0.005317840025612348,0.4446972870710011,0.01640291795220833,0.9647863337557272,0.006547498382023163,0.006807254742738401,0.02498154236227808,4,9,0.5084745762711864,0.006000380593069081
1100021050.avi,0.5305884807366341,0.004806983289740218,1.0,0.0,0.9689120660225551,0.004295692910149784,0.002602546334348693,0.9746729577581088,0.08701603871187613,0.0013022428111911278,0.4220459054459823,0.004241554523348493,0.9322699051629016,0.0054433999915652915,0.003406571695039705,0.009032702407718203,2,6,0.5084745762711864,0.00023300112556276856
1100021055.avi,0.5574505976457639,0.034499480903790444,1.0,0.0,0.9868476529916127,0.07438218355548092,0.03325297575078322,0.9917686839898427,0.1294692765225545,0.009604358863177877,0.33426765062415587,0.031670064978138394,0.982302087838065,0.02839968741903747,0.03108123374985245,0.13277950003544156,5,7,0.5084745762711864,-0.03299923972756079
1100022001.avi,0.525696218675207,0.027873296015804752,1.0,0.0,0.9851052552461624,0.10642592690245072,0.045221803596033235,0.9908316845695178,0.12692008943139024,0.01065075488391268,0.3396613530512065,0.03183455170895888,0.9874748152119046,0.019390373806437603,0.017504434991298452,0.11543433670477819,3,12,0.5084745762711864,0.023337010438932233
1100022002.avi,0.5451717579279195,0.012806343783690884,1.0,0.0,0.9863047291835149,0.02721121745513646,0.006747872700021922,0.9916317840417226,0.1284824382313172,0.00267826488871766,0.33322464405591057,0.006486093366936113,0.9859623319107254,0.01021652422484634,0.006331147640430472,0.04036376978334576,3,6,0.5084745762711864,-0.006223092244971263
1100022003.avi,0.5498045863706624,0.003982635028866354,1.0,0.0,0.9863310972849528,0.0034721597827389746,0.003620735150815785,0.991581938167413,0.13078242235521492,0.0017964464150459795,0.3283189917839976,0.002592199298122524,0.9891060245720354,0.008367169945087075,0.004788056613320787,0.02399034267154765,2,5,0.5084745762711864,0.00048483171623618995
1100022004.avi,0.5511348828647142,0.0034304079085144185,1.0,0.0,0.9868784934282303,0.005177313060631845,0.005729370320876026,0.9922617177168528,0.13197164767309344,0.0019946136259710165,0.32460776310913525,0.0033688674261279955,0.996684169048618,0.008530557675809687,0.004913443467084526,0.013934894167764144,2,7,0.5084745762711864,-0.0025860330647357915
1100022005.avi,0.5489366132120796,0.008861248861704592,1.0,0.0,0.9859789113203684,0.013413495994590107,0.04171165338709244,0.9916371797521909,0.12508379058894464,0.016307355410578737,0.341142407143144,0.03968535859596579,0.9972726902695431,0.014168921155151443,0.009587705075170956,0.05374748670068254,3,6,0.5084745762711864,0.011969622624002127
1100022008.avi,0.5406476705743982,0.006755661466551211,1.0,0.0,0.9855110545953115,0.0402780599871223,0.036829123617393586,0.9914556821187337,0.12039150150598968,0.006603600280859042,0.3527406861598238,0.016740306552478157,0.9957945632128928,0.018979411833964763,0.011027927920622835,0.08647770981999207,4,9,0.5084745762711864,0.013819443344305748
1100022009.avi,0.5562751875760009,0.013534365969228655,1.0,0.0,0.986655804514885,0.0234372467889875,0.03499018442920699,0.9894300177693367,0.10804683217731485,0.007817569645881591,0.36726096412007797,0.03522699421908681,0.9482896972412664,0.02126810165018452,0.01567177694055229,0.07453861286558335,3,10,0.5084745762711864,-0.014053663219203986
1100022014.avi,0.5115105077195501,0.005285498369415796,1.0,0.0,0.9840929061174393,0.01195818304600306,0.00393899854412436,0.9902722880244255,0.13305349584947504,0.0014738481549106865,0.25832884185608873,0.005976191428015404,0.9773586827964468,0.01141863007529003,0.003583031403979803,0.008808889314984527,4,4,0.5084745762711864,-0.0004081248791721931
1100022019.avi,0.5379280767739119,0.015589895722599792,1.0,0.0,0.9834772576888402,0.03634903937787426,0.012696477721015021,0.9901777073740959,0.12497494758936384,0.005187050508458998,0.32516712897337435,0.011196487727669173,1.055213190477528,0.01572429718460409,0.006587367307319759,0.02688829037268805,3,4,0.5084745762711864,0.0023350411330686008
1100022020.avi,0.5268832286729163,0.010007212413432482,1.0,0.0,0.9829250107208888,0.030248767578133946,0.04507229587391218,0.9903414318958919,0.1287826907392405,0.0035145285118195015,0.31348499861069506,0.007649330744115998,1.0445374867370048,0.01346270533541456,0.012713628084553258,0.10489014998608033,3,8,0.5084745762711864,0.014116704000577523
1100022021.avi,0.5325713607844709,0.021865962412090746,1.0,0.0,0.9856709897518158,0.03241827201492667,0.0490849137882168,0.9910877590378125,0.1233595190759819,0.011421763492572979,0.3126215143267133,0.05567074977583584,1.0135805408833132,0.025930429710368123,0.015298888407486623,0.06157677433202971,4,9,0.5084745762711864,-0.0061709615602397044
1100022022.avi,0.5196106100803454,0.028637935662097762,1.0,0.0,0.9848695069551467,0.08013602749393045,0.06006964074268069,0.9905753776431083,0.1156621633256641,0.014089074136462964,0.36466859299253046,0.056158674034781635,1.0220098362229473,0.025595020469568686,0.032980621834110366,0.10600863364876627,2,8,0.5084745762711864,-0.0028672998887658285
1100022026.avi,0.5169728208621044,0.019952318502356035,1.0,0.0,0.987167023619016,0.06073739220719167,0.04102487948061132,0.9918234859903653,0.12095947631131812,0.01217745148892651,0.33177834983302135,0.050759566650453385,1.0005139918359098,0.01707595012687607,0.026360324482358286,0.10585036182174876,5,13,0.5084745762711864,-0.005550372417379948
1100022027.avi,0.5583302720609699,0.026250526460990815,1.0,0.0,0.9868802597125371,0.03714335783992868,0.058785976582930485,0.9906754612922668,0.12283874261616291,0.011225687129375196,0.3378206737397949,0.04216061406966852,1.0024712527625195,0.033758039222824686,0.019124543273271063,0.07382263505530129,2,12,0.5084745762711864,0.003112706558296513
1100022028.avi,0.5089424795765842,0.01655385872407176,1.0,0.0,0.9872292677561442,0.030505125140231414,0.011590599004167932,0.9915927514433861,0.1233225033586393,0.003281475669300703,0.3408573966354804,0.011984080265708578,0.9788635920618793,0.01412685939165417,0.004669235986462161,0.03149290011280677,3,6,0.5084745762711864,-0.0032192560983407502
1100022029.avi,0.5139442116779076,0.02835186021972493,1.0,0.0,0.9856588482856751,0.07203207711241454,0.02202527618216954,0.9906849061449369,0.13216448882201245,0.003711148132395481,0.29289455868234043,0.023939551614661624,0.9868572041500102,0.022726808567548402,0.009881631608156981,0.06932615817724547,6,7,0.5084745762711864,0.013287162641959224
1100022031.avi,0.5282130696096126,0.004844895231971175,1.0,0.0,0.9851263950268427,0.0030214261287012907,0.0034924272096868805,0.991097041964531,0.13386798044024337,0.0014137831082888395,0.2514352489413484,0.004434875666262794,0.9815617590454114,0.019869732643416627,0.003389250291923977,0.006946264897775877,2,4,0.5084745762711864,-0.00020909532026290676
1100022035.avi,0.5052993774221606,0.010380968568631943,1.0,0.0,0.9856678267319997,0.015479815777367626,0.02330962394866336,0.9912436087926229,0.13182120495398275,0.0032712070998143147,0.2696429386252215,0.019943733513366604,0.972787676632671,0.012863553735650589,0.007755876682850538,0.04031981248084412,4,6,0.5084745762711864,0.008396751852532178
1100022038.avi,0.5200149934667044,0.02791414806769127,1.0,0.0,0.9848045518000921,0.0529307477845944,0.025374034685697492,0.9910728062192599,0.12540285351014177,0.004005724428802447,0.3329068689920271,0.011061997218344381,1.0118567098256381,0.020706932093310416,0.012673026147554781,0.07249109934105426,4,10,0.5084745762711864,0.01666610284094318
1100022039.avi,0.5248442924172569,0.008323353254001964,1.0,0.0,0.9838888257741928,0.016498382891574674,0.011278555506883661,0.9913032213846843,0.13593042904549896,0.0024392270308167376,0.29688870671394063,0.006878146128013731,1.0517708436265212,0.01737842574452475,0.006847241853184204,0.029030959487006583,4,5,0.5084745762711864,-0.004990867029503038
1100022045.avi,0.5379921007392408,0.009807193327171077,1.0,0.0,0.9852907786766688,0.041781518399963975,0.02691985009566588,0.9916928882400194,0.1339470055944811,0.004357677446163416,0.2826791029727067,0.01782452471236196,1.01116627487808,0.017740482395089498,0.013665984959666358,0.10867629102179716,6,12,0.5084745762711864,-0.019918655356542574
1100022046.avi,0.5251168545189449,0.004618912472229488,1.0,0.0,0.9849410891532898,0.008372987004950849,0.007794902657933286,0.9920458321770033,0.13202514611011182,0.0019624001621698062,0.27501282340210675,0.009935097732087957,1.0069510054656743,0.010770268853591667,0.0042155999059005364,0.012353681086011141,4,8,0.5084745762711864,0.0016634964838200695
1100022047.avi,0.5251973110265764,0.015016275803654675,1.0,0.0,0.9832721243302027,0.048644949279714605,0.02501034132406352,0.9911553447445234,0.13139676194897756,0.004225155464530639,0.2775932719019229,0.024839866372926907,1.012970344946059,0.018262395863669397,0.009805031497198776,0.07564602141206468,3,7,0.5084745762711864,0.011183142205979109
1100022048.avi,0.512956570483197,0.0132522562673458,1.0,0.0,0.9833429257074991,0.026533975299811965,0.004570095600774057,0.9907489294807116,0.12982124255041735,0.0028725452361644307,0.29916423029441835,0.005137977554518859,1.002300923648334,0.01857464174585407,0.004197443907550663,0.01595426464165989,3,8,0.5084745762711864,-0.00020833462317393272
1100022049.avi,0.5010050149267694,0.005862435473440078,1.0,0.0,0.9831917355457942,0.01282118054891777,0.01163340015064814,0.990714450677236,0.13129119212043508,0.00197482153469157,0.2821899392886219,0.013086305080927984,0.9925577630224259,0.009357901500253896,0.004849622035311966,0.03389399040147308,3,8,0.5084745762711864,0.002938873632401363
1100022051.avi,0.5392303152531289,0.015039103680804279,1.0,0.0,0.9854746222496032,0.0438370538316549,0.027566656897616282,0.9910528942942619,0.125533004078851,0.007922419117772094,0.30445767246669847,0.045099607162120116,0.9900424988234057,0.027648267561745276,0.01882917945341277,0.08580598204131719,3,12,0.5084745762711864,-0.0031234342135225725
1100022052.avi,0.5315019202931113,0.008748456920520372,1.0,0.0,0.9843179861704509,0.020176699529989805,0.009244081980972138,0.9912159115076065,0.1337203418213404,0.0030267782195685486,0.2608499262483738,0.014810706316682987,1.0036955364516098,0.012028175016765027,0.004735587646550477,0.016258110788497687,2,5,0.5084745762711864,-0.0002544777428322908
1100022053.avi,0.5442354577017493,0.023681955709839258,1.0,0.0,0.9859913150469463,0.06248094106486767,0.023746774793862148,0.9913199653228124,0.1306338357693604,0.004087383854052263,0.2814242611656155,0.035143735208339334,0.998713520485581,0.02585805031492878,0.009942249588245588,0.06415068379979381,5,10,0.5084745762711864,-0.010193528092818233
1100022054.avi,0.5555541179638401,0.006505263079996908,1.0,0.0,0.9869278798500697,0.017824498631240863,0.012690087632664491,0.9913064554333687,0.13139148145971813,0.0035428625313530062,0.28349328671527296,0.01659609264378634,0.9790123544018333,0.019615213875390454,0.006939647816754462,0.03423420554374724,3,9,0.5084745762711864,-0.006297753607699127
1100022055.avi,0.5876654450271288,0.033267781101557446,1.0,0.0,0.9877228418986003,0.07695893579487019,0.024764522590313982,0.990798989435037,0.12198041384315299,0.008626469947079508,0.3423026935158077,0.043606990196812336,1.028148180729745,0.022816182042709958,0.010913875578316762,0.047143077238877965,4,8,0.5084745762711864,0.0029436901393521536
1100022056.avi,0.5499275631638234,0.02340957013937343,1.0,0.0,0.9869511167208354,0.043656403907979584,0.009366156896976962,0.991737433274587,0.12573279288002343,0.005574926498408798,0.3198626643549487,0.021848032690939354,0.9997478129873696,0.019605436995257425,0.006554082945473518,0.02384804814634944,5,10,0.5084745762711864,0.00031680503259177463
1100022057.avi,0.5410312804854516,0.015435054644622189,1.0,0.0,0.9852385570605596,0.03284490779263267,0.023053438978429316,0.9911605780323346,0.1367082097162376,0.004590494596982788,0.2633461967750681,0.01774314112407696,1.0024475283505967,0.034306585311344465,0.01463946232773908,0.10518022566749953,2,17,0.5084745762711864,-0.018532383499568823
1100041006.avi,0.5889244668861959,0.019203972203173263,1.0,0.0,0.9826687653859456,0.022763153332898228,0.005989775057639906,0.9874517768621445,0.11589815217057117,0.0018751288766087637,0.3958775590103846,0.008750984532915349,0.9740827818060012,0.01382993567609041,0.00587560510973594,0.022349108799386307,5,6,0.5084745762711864,-0.0024043864483846286
1100041015.avi,0.5518380880532425,0.0055653599261986835,1.0,0.0,0.9804641505082449,0.006979702825541073,0.007900688501219659,0.987172111372153,0.12054856127722183,0.002416948667771696,0.3539189094339587,0.008815273734930889,0.9531248243390793,0.020820632004714405,0.006712855485089279,0.03419801765910636,5,4,0.5084745762711864,0.0002123422608018774
1100041016.avi,0.5506289813346886,0.004684095707883144,1.0,0.0,0.9781889985005061,0.007603171986540097,0.008512667082491661,0.9868214045961697,0.11960829874040528,0.0021295280927257835,0.35196853472089196,0.007014536483849108,0.9805852675200699,0.02621329752527698,0.010177203466520382,0.042717657314024264,2,6,0.5084745762711864,-0.001135572439595181
1100041017.avi,0.5079929719894942,0.01097504836514181,1.0,0.0,0.9739612529675166,0.02385685559807075,0.024318860700124477,0.9851659148931503,0.11628488606011482,0.004493279461088912,0.3752601741764917,0.012801410767819044,1.049087125923432,0.038929809681480146,0.01311332579363436,0.0580333150792299,4,11,0.5084745762711864,-0.00971355392136538
1100041018.avi,0.5108708541096684,0.005326447646690999,1.0,0.0,0.9717258075873058,0.006169776893186714,0.011487295969387556,0.9847299590706825,0.1147445197773229,0.004139230559223912,0.37087990216570116,0.0082556162409215,1.074447468925856,0.017800188382329312,0.0078733576763976,0.04267058169856514,2,7,0.5084745762711864,0.003964768911302546
1100041021.avi,0.5401149295337871,0.014169648878511689,1.0,0.0,0.9776330520709355,0.02070283645422984,0.013359275234060277,0.986614481608073,0.10552174297393083,0.005640316955381175,0.4117229710548891,0.013002665895259016,1.0150339889462232,0.03428349480234179,0.007707179097263169,0.024439088671272473,3,11,0.5084745762711864,-0.0015659241542570462
1100041022.avi,0.5433335928911583,0.007985408064339427,1.0,0.0,0.9781519015630086,0.010248438853623767,0.01030013873535509,0.9863802174727122,0.1022112875287635,0.0028661357515454688,0.4242168058499533,0.012264578835120284,1.021166280175954,0.03801562368737538,0.006092270509903304,0.01971775120520305,4,7,0.5084745762711864,0.00039634671404996987
1100041023.avi,0.5284569757204198,0.01883065540781485,1.0,0.0,0.9807178686062495,0.02695966053180083,0.036665182264834555,0.9872710684935252,0.10772749003011604,0.005147597020638729,0.39062022030550053,0.014412427840275929,0.9975042393672039,0.0344236413335149,0.01886552257608227,0.10301369490624972,3,6,0.5084745762711864,-0.00965140086609583
1100041024.avi,0.4992543056328395,0.005211113712483464,1.0,0.0,0.9851356665293376,0.008797669915879052,0.009263052803123787,0.9893697753548623,0.1058015070119133,0.0023104115493746266,0.3697706468692318,0.008022937577840896,1.0198631952296888,0.021994764454761444,0.012084100194645432,0.03600337532295155,2,10,0.5084745762711864,0.0027315190746871193
1100041029.avi,0.525129375988615,0.005532160947630109,1.0,0.0,0.9882737219333648,0.009853680562998166,0.005641571077826553,0.9899194459120433,0.10070230492568737,0.0014950774834936356,0.43488253315148495,0.006805489521050363,1.0420778806152073,0.01786407522769284,0.005454909463358622,0.017455781108387892,2,8,0.5084745762711864,-0.001240552522812628
1100041034.avi,0.6038345139229235,0.007796346616909511,1.0,0.0,0.9899249335130056,0.009223229447296546,0.009326044076995093,0.9892019495368004,0.1160019843731388,0.0028981564558336935,0.36359481652570763,0.008481175737026043,1.0067842976663572,0.011115024829523156,0.005920505690780568,0.024030262529790875,7,6,0.5084745762711864,0.000905369328497563
1100041044.avi,0.44594833974994846,0.011681888723041545,1.0,0.0,0.9845759868621826,0.01781628591266943,0.03348791798253176,0.9845708911617597,0.08961147507911242,0.0044950272702858314,0.43240662219427795,0.019391409433167826,0.9215513813551638,0.02121680115773726,0.022295674837119098,0.053454656859236664,2,5,0.5084745762711864,-0.0004686517204295429
1100041051.avi,0.4647813786442141,0.0073447053709908535,1.0,0.0,0.9806134690841039,0.011395319577417183,0.006144229460043003,0.9854577938715617,0.10428878038328787,0.0027666498877316355,0.42730150581377796,0.009517855963950578,0.9898695249968896,0.033220853623330736,0.009306358817640765,0.02427273747894925,2,6,0.5084745762711864,0.0011093431405269898
1100041052.avi,0.4572732205112215,0.01528438335511537,1.0,0.0,0.980552742878596,0.0127596025513406,0.005253146408873436,0.9840296030044555,0.10044815047557941,0.0025050433021786794,0.4318742011159679,0.007444953855517114,1.0349950117054272,0.022400545297600914,0.008032175023970693,0.02090611554162489,2,4,0.5084745762711864,0.0023697448627419578
1100042009.avi,0.5579796439459064,0.006192278121999656,1.0,0.0,0.9831601818402608,0.0063005573859011964,0.008498481775757525,0.9873056814074517,0.107112882396957,0.003684006087595616,0.3939083373540886,0.013691538213553319,0.9899728768302783,0.010495569675473236,0.007636265775956101,0.02656885024341664,3,5,0.5084745762711864,0.002596818478841882
1100042010.avi,0.5685105716187147,0.0069852344948599905,1.0,0.0,0.9852119982242584,0.0074000954144667385,0.012984860733727045,0.9882516488432884,0.11067837298462119,0.0019666879889680077,0.4162742524715355,0.01271517477212663,1.0151284917002075,0.018687076272312034,0.007215932628148738,0.036618888462824364,5,4,0.5084745762711864,0.0018835902702187511
1100042011.avi,0.5651678431395222,0.006095571058898469,1.0,0.0,0.9846565812826157,0.003674516613614073,0.005329466345551265,0.9878880724310874,0.11279553940975491,0.002591245026242262,0.39725600092396807,0.008190586934139519,1.0123753796793202,0.021662702532160027,0.004375143870183946,0.016052950929715266,4,5,0.5084745762711864,-0.0021342599493639355
1100042017.avi,0.5745703098918982,0.019208065043555635,1.0,0.0,0.97676027516524,0.06610303739856918,0.03310222595176165,0.9846003154913584,0.11537044330122598,0.004383373440064306,0.39674865174481394,0.015496920281566585,1.0033458615407869,0.03147684307893201,0.009405302252828143,0.09958629239820119,2,18,0.5084745762711864,-0.01117061804690157
1100042018.avi,0.5655743897348063,0.006478078870083468,1.0,0.0,0.9731477618217468,0.010300810525305718,0.009483269988385702,0.9837242369850476,0.118313238594473,0.0021676567021378353,0.3868939344648929,0.006179747941705601,0.9793665299666257,0.02135829987192362,0.007024705590399716,0.035868994527242896,1,8,0.5084745762711864,-0.004571723397294117
1100042019.avi,0.5682957517068349,0.004946355418219906,1.0,0.0,0.9751039584477742,0.006140873102900057,0.00548247144422089,0.9845047732194264,0.11679124947480149,0.001999840351993499,0.3932247706358617,0.005833677193468005,0.9650844516815128,0.016309573870605346,0.004402807977809444,0.013075990267138564,3,6,0.5084745762711864,-1.1966914663113885e-05
1100042020.avi,0.5748455775800639,0.005401183145353391,1.0,0.0,0.9733925918738048,0.007504251469087211,0.009464298940903247,0.9831071272492409,0.12164198604132125,0.002717661402733224,0.3846239770464391,0.006104350746652259,0.9852136385536491,0.02064769152143883,0.008346254339686797,0.026816779383658212,1,5,0.5084745762711864,0.00011912815227575757
1100042023.avi,0.5339463701230519,0.008794658179106138,1.0,0.0,0.9786144961913427,0.010812818289628386,0.013337242030251191,0.9832424809535344,0.1077697786359276,0.00280842415833174,0.39367398715672436,0.0079723682089356,1.0428681443057115,0.00916548607869878,0.014371822387801837,0.04055989660528061,4,6,0.5084745762711864,-0.0025377386631088763
1100042024.avi,0.5420518823742089,0.003654168830972292,1.0,0.0,0.9792413900295893,0.004350410167142702,0.0049031444882718595,0.9842046176393827,0.10857484629048883,0.0015736250823580147,0.39816155332584274,0.004221922147512559,1.0497155790315333,0.009378295609736456,0.007108658085648096,0.019655886844462116,2,5,0.5084745762711864,0.0010977143852125134
1100042025.avi,0.5511243299383638,0.005501246813857777,1.0,0.0,0.9786957740783692,0.004777638777353034,0.009750943002136645,0.9839226807157199,0.10294690105027375,0.0028112526081306446,0.4134361714022443,0.008670407871781052,1.0516192100786779,0.009273604664121533,0.005861168927549486,0.016324665526670504,3,5,0.5084745762711864,-0.0005231551399142139
1100042026.avi,0.5525578904130193,0.0028176057808718255,1.0,0.0,0.9795893947283427,0.006702502978220865,0.00867770520783274,0.9844841569662094,0.10456659835845766,0.0021147384432543648,0.4075467817977985,0.007658144501348952,1.0489719982168277,0.013271828271663988,0.008226419663316215,0.03143798221460945,3,6,0.5084745762711864,0.0006178953413271005
1100042029.avi,0.6047956016342025,0.005678895338517243,1.0,0.0,0.9758488734563192,0.004912533273330423,0.005361513802081843,0.9801519215106964,0.10215201782503772,0.001908553430281964,0.4159568079779055,0.004722197051822043,0.9676169481734236,0.009868259444243981,0.004889439645170346,0.018058547673448513,3,9,0.5084745762711864,0.0005946209362686829
1100042030.avi,0.6072549666905667,0.005015712202502055,1.0,0.0,0.9760208497444789,0.004101666312318119,0.00416396309749897,0.9804881185293197,0.10037646945778557,0.0014875922179981044,0.41747895954575065,0.0043151738170662075,0.9828381011157235,0.006971419492115366,0.005472875989632053,0.02745466443244114,1,6,0.5084745762711864,0.0016836179445507572
1100042031.avi,0.5969690357011427,0.0048994267115152375,1.0,0.0,0.9757984350124995,0.006528052665656924,0.006008591555307598,0.9804083536068599,0.10720174042781584,0.0018180674574448637,0.4095107107755451,0.004245899139751432,0.9829573049976076,0.011273954161291629,0.007468728985534189,0.027502453567941225,3,5,0.5084745762711864,0.0001295871396246144
1100042034.avi,0.5133117862155386,0.010101044396731118,1.0,0.0,0.9795462220907212,0.005845557205748512,0.012021360727293177,0.98739263266325,0.13006478011839726,0.003328733963471825,0.2709174008540922,0.012700421822861997,1.061367356020588,0.010846047995481304,0.006418072283929457,0.01879241112895761,4,7,0.5084745762711864,0.0024140118410699365
1100042040.avi,0.530792491467754,0.00912533199971745,1.0,0.0,0.9799602458874385,0.013289746005200862,0.0071256679573832886,0.9901318396131198,0.12299233662755227,0.001677733026693603,0.30697937465769604,0.009754643789635354,1.092360034816342,0.03439964278547375,0.008876111366514543,0.026599939374115384,2,4,0.5084745762711864,0.00175694015696083
1100042041.avi,0.5370117528163659,0.0037485791890442665,1.0,0.0,0.9822597761948904,0.0069120809565731125,0.005630010135729341,0.9907053336501122,0.1220185247088566,0.0015912593394841518,0.3190033730568746,0.009202742204988288,1.0633268365999264,0.03488583072185431,0.008046380675275048,0.027179937932475084,2,4,0.5084745762711864,0.0019501240604595828
1100042058.avi,0.574222239029264,0.004353490161560137,1.0,0.0,0.9776266694068909,0.007874624248811937,0.004086156175930685,0.985551019012928,0.12119129466940255,0.0014426835038209946,0.3514195632090988,0.007205102058809698,1.0378645058802127,0.013638883578657683,0.006125291433109655,0.025295681044895883,3,6,0.5084745762711864,0.0013705269247504467
1100042059.avi,0.5685650253623422,0.0072277210899255135,1.0,0.0,0.9768289744853973,0.004630808335533841,0.004819505760558945,0.9852738584081332,0.12035341439591905,0.0016039401590437082,0.3441867142119517,0.004433208401691645,1.037795696240862,0.012388496233858482,0.005716325839017025,0.01838868537401189,5,5,0.5084745762711864,0.0011367521119485906
1100042060.avi,0.5615669182627933,0.004010602154097688,1.0,0.0,0.9768876512845357,0.0038471799245057762,0.004325027044546544,0.9852008601029714,0.12104012373246902,0.0012442166055917237,0.3527064794117569,0.005076635689508157,1.039559955294993,0.010900813781090384,0.006045655463052567,0.021898986065632557,2,9,0.5084745762711864,-0.0014354079122817706
1100051002.avi,0.5160559043437714,0.010026298163622693,1.0,0.0,0.9944424877564112,0.008508488065429212,0.002419101600950936,0.9886750524242719,0.0604917627402612,0.0010347742158301,0.2693871181872975,0.003632011212575353,0.6193140446753783,0.00651329607436339,0.002749943768343708,0.008867747355307482,3,5,0.5084745762711864,0.0008497086107445953
1100051004.avi,0.5201734501739096,0.015114843150874474,1.0,0.0,0.9947927842537562,0.009461381114536583,0.0022699458782272455,0.9893470158179601,0.058750143998560246,0.001074933310230992,0.27890567305451636,0.005898973820668244,0.6334120573543225,0.009946552760223139,0.0050387336539669154,0.01513189214129629,2,7,0.5084745762711864,-0.0008982415205808503
1100051006.avi,0.5343000451707401,0.010192125260076323,1.0,0.0,0.9949400107065837,0.005877619050852844,0.001984589369072939,0.9895175367593765,0.06040705144656864,0.0010447674587756434,0.2742555273700152,0.005348269563982204,0.6336014091612431,0.00740922470152743,0.0035719353399177645,0.012039947315903347,2,8,0.5084745762711864,-0.0018034105964220217
1100051007.avi,0.5313963951024838,0.015269709820490213,1.0,0.0,0.9948159009218216,0.007444980098525335,0.004954839816642472,0.9893289824326833,0.060343271175591226,0.0012015014810708518,0.27291676099060225,0.0050579393636339415,0.6289341829179893,0.010766477792417429,0.0050779978839312285,0.018920781063032983,3,9,0.5084745762711864,0.00191931652065432
1100051008.avi,0.5294874911904511,0.015627950633026858,1.0,0.0,0.9947706758975983,0.0033733836710600792,0.0021290234469034525,0.9892157514890035,0.06037370553623868,0.0009190152590963043,0.2714489495766415,0.005228149895256134,0.623131673569692,0.009532232680092794,0.0038032714250183846,0.011347534381833746,2,6,0.5084745762711864,-0.0012543128199583365
1100051009.avi,0.5078737302554494,0.02173034336351622,1.0,0.0,0.9948322991530101,0.008862215306080822,0.0033685727633659575,0.9894432798027992,0.06056391747424694,0.0014383620586561608,0.27284563950949925,0.0068781424390314825,0.624586408816233,0.017032188874889633,0.004164706130213609,0.012371281882041634,4,7,0.5084745762711864,-8.92744163333032e-05
1100051011.avi,0.5263209343454228,0.022173572920168368,1.0,0.0,0.9947220464547475,0.005888658063140889,0.00638108027195145,0.9891197517514229,0.059188364807600626,0.0016917174232124429,0.2791019267048575,0.0065850208196050085,0.6109745710098546,0.012046455156599554,0.004214034936393033,0.015981732715136966,3,6,0.5084745762711864,0.0019951195007704976
1100051012.avi,0.5203198905052088,0.011866886425206322,1.0,0.0,0.9943508187929789,0.002799807954873612,0.002605436502154572,0.9890182688832283,0.060509726082227065,0.0007341570519714461,0.26841556386173776,0.004347686888469753,0.6078857843367411,0.004716775886179894,0.0025448184604662783,0.00864177614342942,3,6,0.5084745762711864,-0.0003712910386739175
1100051013.avi,0.5118644219707482,0.00948164463180855,1.0,0.0,0.9941913525263468,0.0020357477204997693,0.002102489567697362,0.9889815409978231,0.061154995551346195,0.0009697874363362888,0.26649025073405824,0.0036712766017176373,0.6095379210423048,0.007787895045218532,0.002620803739908966,0.009151652760296216,4,4,0.5084745762711864,7.954481621298345e-05
1100051014.avi,0.5130023223801505,0.017236242460345642,1.0,0.0,0.9942951450745264,0.006874245890166895,0.0029361459952286276,0.9890116463104884,0.06077785828946193,0.0009651851305570889,0.26742775233027455,0.004239829402660547,0.6095261769031372,0.009216868262977226,0.0032475814859556397,0.015709124336684345,4,5,0.5084745762711864,0.001147433405671462
1100051016.avi,0.5087912013265073,0.02274783826120169,1.0,0.0,0.9950430711110433,0.009460747809014196,0.0021835940794257534,0.9893784900506337,0.06279931185109347,0.001005357279330795,0.2679230161976312,0.006822910094763814,0.6210657714507999,0.01060619723337615,0.0032743280076005634,0.019867618703192848,1,6,0.5084745762711864,0.001227607979391243
1100051017.avi,0.5276136953628671,0.019809927992525834,1.0,0.0,0.9943468679984411,0.01653984435049873,0.0031977365395870487,0.9887576133012772,0.06194148225093314,0.0012406319273302131,0.26398587574072485,0.005731842970697401,0.6080725623769642,0.01348914301334962,0.005184674266453799,0.023768914546625566,3,7,0.5084745762711864,-0.001762450825002559
1100051019.avi,0.5393240935743643,0.015825391807343752,1.0,0.0,0.9943355371554693,0.0038249917225056246,0.0014765905386850044,0.9888039370377858,0.061926893683680075,0.0008584531878475191,0.26745794520926097,0.003766666777967873,0.6067394372076997,0.008215312076981035,0.0037754456699951792,0.011169577837038727,3,7,0.5084745762711864,-0.0004288636060921407
1100051020.avi,0.5456494697918288,0.017424580003867204,1.0,0.0,0.9943211088577907,0.003918918801149418,0.0015885522903672249,0.9885952681303024,0.061779823818462164,0.0010932479537941633,0.267815042646512,0.004135475035156134,0.6074017899564071,0.009571600430683997,0.004019388724832542,0.013591943551652092,1,6,0.5084745762711864,0.0009338640981197918
1100051021.avi,0.5608267010020932,0.021498643732832143,1.0,0.0,0.9946807096401851,0.006220694556032396,0.0034945661506181726,0.9886677076419195,0.0613793572966637,0.0014989681331390482,0.272910828104716,0.006628493803575233,0.6087391554743582,0.010908665688565073,0.004928206950352301,0.01374377489962188,1,7,0.5084745762711864,0.0009740977653692872
1100051022.avi,0.5874132053080295,0.01567910717207527,1.0,0.0,0.9953491598367691,0.0031692345371845286,0.0019533632351446113,0.9887480288743973,0.06084506193325867,0.00111030478824969,0.2835011285409157,0.004151266714550946,0.6203526041053417,0.00860604543844049,0.0033004590362592924,0.012974278470384785,4,4,0.5084745762711864,-0.00046611312548385745
1100051023.avi,0.5911615747886496,0.016308701339258727,1.0,0.0,0.9953147381544113,0.0036966088543855776,0.0014858894651865794,0.9886145209272702,0.06187169128934684,0.0009718444775456891,0.28173772906349315,0.0038064149977705946,0.6202853145047152,0.009015047383236182,0.002903676550710633,0.010095593136448172,5,6,0.5084745762711864,-1.5560481848422673e-05
1100051024.avi,0.5916103775201479,0.015476995962136513,1.0,0.0,0.9953091710805893,0.003908196756652462,0.0016934251032474376,0.9886217390497526,0.062481154908695255,0.0011633990887986911,0.2788877245101249,0.00394359401052415,0.6179713748050699,0.01061230517158594,0.0032371572987092076,0.013007061965452418,4,9,0.5084745762711864,0.000529062428782132
1100051025.avi,0.5796988252413323,0.03272940358838515,1.0,0.0,0.9953418294588725,0.0121021780433702,0.005188062860954682,0.9887413625915845,0.0618186101287701,0.0024345641354173568,0.27877731518433474,0.00613942775980477,0.6187345950549068,0.01144408955104562,0.004098725303196441,0.02209986770105265,3,6,0.5084745762711864,0.001952235588032853
1100051026.avi,0.5373791936664051,0.02753795524743383,1.0,0.0,0.9951547722021739,0.01693251186064977,0.0028156908629549168,0.989327447116375,0.05915063494151519,0.0009169307799379892,0.28963916414542584,0.008985929388956275,0.6247578157403144,0.009554625020888784,0.0045993217815316284,0.017244324728795057,4,6,0.5084745762711864,-0.0016758467510539247
1100051028.avi,0.48064637570264596,0.01165050938519655,1.0,0.0,0.9949915061394373,0.004089961618701336,0.0024889028829788626,0.9896529366572698,0.05976717438690681,0.0009569832122572145,0.2912039358734247,0.00585984091572414,0.6186101480898042,0.010724065592385215,0.004778148744912181,0.013749916848674899,2,6,0.5084745762711864,-0.000947822807780713
1100051029.avi,0.4024138698785503,0.07892147394809451,0.9166666666666666,0.0,0.994961941242218,0.03681568807697295,0.0026996169394578173,0.9882510667045911,0.05992136513560784,0.001165859367551991,0.29455863279416494,0.006169438908009817,0.624067449217221,0.013694995223890656,0.005661893366125858,0.044417391074375034,2,9,0.5084745762711864,-0.001821616733813385
1100051030.avi,0.4093151459431416,0.02836029185221122,1.0,0.0,0.9955611656109492,0.011170107403716425,0.004224178109772647,0.990093170106411,0.05894096132367456,0.0012347568134774651,0.28010760270470153,0.010278787366278994,0.6112608109585561,0.009764902884657112,0.003525197996219133,0.030337841361057636,2,8,0.5084745762711864,0.001400699611444217
1100051031.avi,0.5334320336802948,0.10533911177957007,1.0,0.0,0.9960620542367299,0.029923783098916197,0.005956118490981267,0.9890630220373472,0.06684591379289404,0.0018461898740121947,0.2509494125863699,0.010649006353814947,0.6293363724490456,0.012007806404277515,0.006883806275825423,0.0432986815588919,2,7,0.5084745762711864,0.003421766881195148
1100051032.avi,0.49392884650900093,0.045526735364817425,1.0,0.0,0.9953829964001973,0.012471766246248343,0.005953412150815942,0.9900998701651891,0.05985046777068619,0.0021720685760842546,0.26905217878157983,0.006374161532352242,0.6135312422670235,0.01100390682308164,0.0035075513757514957,0.01635344506946832,4,5,0.5084745762711864,-0.003060976257771446
1100051033.avi,0.5234924915655835,0.01018470427552283,1.0,0.0,0.9953651229540507,0.0029617899270329186,0.0018658992610187139,0.9903491109609603,0.05986141524418873,0.0010581815524510342,0.2637713055582188,0.0037237170467498467,0.6091414574006514,0.006477061505488125,0.003385701149159657,0.008611820245548117,3,8,0.5084745762711864,-0.00041277667788899765
1100051034.avi,0.5294282923317305,0.010211153404975975,1.0,0.0,0.995178833603859,0.0034139999720871374,0.003952054628151158,0.9901457682251931,0.059824927239913575,0.001487647585353833,0.26417549525989115,0.0053660304163827876,0.6121395886817484,0.005531063191555638,0.003908945516862148,0.012721002085319262,2,8,0.5084745762711864,-0.0010626012079862517
1100051035.avi,0.5322899102039611,0.008018533245771514,1.0,0.0,0.9953309675057729,0.002345278861974539,0.0014312889180218143,0.9902678539355596,0.06206193797471429,0.000791800709807999,0.25948828667019125,0.0033177828111025415,0.6115853957696008,0.008084912714131991,0.00258991284771343,0.006809694502562089,3,9,0.5084745762711864,-0.00038558773624928436
1100051036.avi,0.5228013099327878,0.01131847094608613,1.0,0.0,0.9952379296223323,0.003973188429481233,0.0031536544461358467,0.990159660577774,0.06291975039524861,0.001119336180634203,0.25235410474678244,0.004332260756746317,0.6082321033375196,0.006485395049096521,0.0034888217609845657,0.008929530509635865,2,9,0.5084745762711864,0.0004795281940417201
1100051037.avi,0.5208309496243404,0.010934171914343734,1.0,0.0,0.9953127016623815,0.002407061914863343,0.001775333859188867,0.9902893776694933,0.06246024584131263,0.0008355427496910878,0.255030957564543,0.0034531806365531844,0.6103860826104572,0.0058978317623045486,0.0032635061471779853,0.008393178061349081,3,9,0.5084745762711864,-0.0015125972373934587
1100051039.avi,0.4988671909938318,0.04015667199890518,0.9833333333333333,0.0,0.9955621302127838,0.013870195270232338,0.0038125927520164544,0.9898526007930438,0.05880486469906541,0.0010975484436712144,0.28011596707953756,0.007401168508420782,0.619482025195806,0.011005089669773904,0.004628107214192468,0.026481614081826994,3,12,0.5084745762711864,-0.004025515476469025
1100051041.avi,0.5187456611266363,0.006292971672087693,1.0,0.0,0.9957031438748042,0.002668141328191802,0.0012625654654942122,0.9909728904565175,0.05990762446981665,0.0006453516637060121,0.2663803219985938,0.003714213205988318,0.6028716545190357,0.005851154664383829,0.0021868148031593667,0.008032630238661862,1,7,0.5084745762711864,-3.824479222337782e-05
1100051042.avi,0.5149117444129769,0.0057004458238365105,1.0,0.0,0.9957324008146922,0.0075538307779831025,0.0020061788041990103,0.9906028484304746,0.060997224058266804,0.001172173234145286,0.26488566050589574,0.004321245027699168,0.604464631076786,0.010929223226133426,0.00333481488229881,0.010916984937282555,6,4,0.5084745762711864,0.0020868594248897245
1100051044.avi,0.5211216082454426,0.012012692967750581,1.0,0.0,0.9954541732867559,0.0022816383530827686,0.001670270606456313,0.9899537225564321,0.062448024921765634,0.0009260949525148159,0.2628005250681492,0.004881968647303563,0.6033432170863553,0.012841046188539667,0.0029117733125933625,0.008303123814840819,1,5,0.5084745762711864,0.00022400205932427255
1100051045.avi,0.5260642035174875,0.010435329522785695,1.0,0.0,0.9955331385135651,0.003970373440803151,0.0018802138606723638,0.989884041249752,0.06283356839729735,0.0009242026428738027,0.2621305937338457,0.00499970717095521,0.6058473686699436,0.012471822780082771,0.004102664055539716,0.011133671130138998,2,4,0.5084745762711864,-0.0007577763587956368
1100051046.avi,0.5270258728411726,0.010084708472894884,1.0,0.0,0.995680320262909,0.0026596870641991907,0.0018137408309161062,0.9900786484281222,0.06315656032950395,0.0011837727438991235,0.2625442137404711,0.004677056146528841,0.6090414754567732,0.01110439629784769,0.0036642264034642616,0.009118691518768086,3,5,0.5084745762711864,-0.0006235290423511207
1100051048.avi,0.5240597813698068,0.011497662197464818,1.0,0.0,0.9954866389433543,0.0034128848629109477,0.002655180320215086,0.9899225100874901,0.06270137386324424,0.0013857655924140952,0.2609620202333387,0.005878309771387265,0.6055392292710712,0.010813524550882803,0.0037578104525640066,0.01102266505649668,3,5,0.5084745762711864,0.0008922029771169931
1100051049.avi,0.524139110810195,0.011898153642037484,1.0,0.0,0.995493832230568,0.0040844843142131305,0.003375598294537193,0.9898399362961451,0.06168925433409116,0.0014299766428538337,0.2649179151274294,0.006200538827997505,0.6077098356711819,0.013536028632673284,0.00507107532041485,0.013031598549331606,1,6,0.5084745762711864,-0.0001291011688698638
1100051050.avi,0.5290302548933892,0.014785580577428256,1.0,0.0,0.9955811917781829,0.0051003779615813654,0.004519421075088588,0.989923107624054,0.06421758935407512,0.002043830346989118,0.260245051707775,0.004746809254545477,0.6103475967683547,0.012808874857288665,0.004485765149260511,0.01257527760577794,2,8,0.5084745762711864,-0.0010148597365794059
1100051051.avi,0.5305970483616691,0.012912591811289656,1.0,0.0,0.9956750313440959,0.004842282667643664,0.002706516183347389,0.9900207752982776,0.06365786061235047,0.0012318471168480873,0.2607313274823987,0.005816501122128938,0.6115487236038711,0.010053307066789367,0.004305443893088122,0.012552502389961542,3,7,0.5084745762711864,0.0014497368680956276
1100051052.avi,0.5424878581869154,0.020577989418799382,1.0,0.0,0.9955954343080521,0.008726026453505637,0.003929021606487679,0.989793561398983,0.06098794546523693,0.0020212663884109305,0.2673002530237591,0.00770905376451424,0.6108124951312254,0.01049019574864744,0.004487808838676411,0.01071575446994629,2,7,0.5084745762711864,-0.0003241549956213008
1100051053.avi,0.5650554501306224,0.018769645102968795,1.0,0.0,0.995551206668218,0.0042930515009196295,0.002994975610643773,0.9897182449698448,0.061583714194155106,0.0011465419563805102,0.26697210135135685,0.003943725555299757,0.6084131435178265,0.010940304410298073,0.004475173422698249,0.010593912846401184,3,7,0.5084745762711864,0.00036375676824908047
1100051054.avi,0.5636139879185115,0.020565182933589145,1.0,0.0,0.9957200745741527,0.005509771029876502,0.003206489366240417,0.9899659862120946,0.061616461560324645,0.0011464817219690642,0.2670867524425858,0.00409476848233804,0.6116067458296115,0.009653264475925991,0.004254625466342514,0.01567239213246157,3,5,0.5084745762711864,-0.0012382680101145588
1100051055.avi,0.5535842220617883,0.02134486472550494,1.0,0.0,0.9954815944035847,0.003790773054532476,0.0017171339581306933,0.9898223176598548,0.06187073474104685,0.0009572515494189216,0.2666283438470944,0.004157079837113955,0.6122515772704724,0.007295802770581405,0.004112487366883511,0.01139743791094936,3,4,0.5084745762711864,-2.1382230995707283e-05
1100051056.avi,0.5696092153914447,0.01404950902637292,1.0,0.0,0.995776230096817,0.0035739780230233838,0.0026181213985144434,0.989825643102328,0.061577025534312387,0.0013285467835484907,0.27245012924360984,0.0041444661721982004,0.6187826330277134,0.00846542502078848,0.00459745160799813,0.013248004261782553,5,6,0.5084745762711864,0.0036374905038123783
1100051057.avi,0.5777767166835811,0.01956874323955959,1.0,0.0,0.9957508971293767,0.006903680789605679,0.0038430700666168406,0.989623254040877,0.05944557532575847,0.0012813433810703115,0.2796906922899377,0.006835987979116764,0.621644992378305,0.009771438275922239,0.004080645836079329,0.014312149044844126,5,6,0.5084745762711864,0.00039580958128711697
1100051059.avi,0.5246001323528403,0.0075009535607296045,1.0,0.0,0.9955590089162191,0.004446736314326643,0.002643939593988516,0.989809105793635,0.06200040351942561,0.0012980837873795325,0.2551754747629937,0.0033573676093432204,0.6052371003330761,0.009496109599473033,0.00463737502604786,0.01053232851925717,1,4,0.5084745762711864,0.0006813138670350482
1100051061.avi,0.5086676070815281,0.010200723036268339,1.0,0.0,0.9951932857433955,0.0034547712739250017,0.002172531904316521,0.9894536172350248,0.05692810464662567,0.0008559901576724683,0.28192634337957617,0.005218147062729198,0.6256796846317185,0.006225109871379305,0.002897908308288936,0.006979291991789569,2,4,0.5084745762711864,1.7414583967778098e-05
1100051062.avi,0.5300042152807845,0.017906616303282177,1.0,0.0,0.9950584381818771,0.011391238176953691,0.004574392460811503,0.9892577881614367,0.058091849642828215,0.0008673241376296338,0.27716054754782526,0.0074170635493711265,0.6246632106017636,0.00756888621756913,0.0034451477406454226,0.014241318465507299,2,7,0.5084745762711864,-0.0005023280356401582
1100051064.avi,0.5281484625784418,0.009395225635853072,1.0,0.0,0.9949782907962799,0.0021913039156080437,0.0013322159108079888,0.9896273523569107,0.06007625497077547,0.0007518643083624726,0.2766448107112856,0.003150053329135128,0.6259695008089695,0.005015018750317034,0.0020745016767258675,0.005784363308403445,3,6,0.5084745762711864,0.000496500989757689
1100051065.avi,0.5349748286355887,0.008761485469173613,1.0,0.0,0.995133646329244,0.002609865438820962,0.0018113108494569813,0.9897438158591588,0.06092318615930669,0.0008339408281388171,0.27230377949813506,0.0034672279415696385,0.6225862872265545,0.00669021125135475,0.0028819776283213216,0.011625294025580992,4,13,0.5084745762711864,0.001568069905610832
1100051066.avi,0.5377231966316489,0.02395066237645874,1.0,0.0,0.9952914595603943,0.01881155902060042,0.0030166194440706825,0.9895533745487531,0.06136630650398699,0.0010438217296788864,0.27571769066586976,0.00593347985881793,0.6210417492450265,0.006250364040825038,0.004403922474199139,0.01937818069037694,3,6,0.5084745762711864,-0.0017314566063204129
1100051067.avi,0.5399735910807956,0.010569675944382084,1.0,0.0,0.9952431678771972,0.003373246905621907,0.0016732108626452582,0.9895513266324997,0.06211365050470803,0.0008055779748788738,0.26960181903845387,0.0027832719213953844,0.6268767890279182,0.006595589826772646,0.00398408427320986,0.010123169980909466,3,7,0.5084745762711864,-0.00030060225680980223
1100051068.avi,0.547620592850723,0.010788232035055448,1.0,0.0,0.9953328152497609,0.003546738067303439,0.00186827736887714,0.9897384027640025,0.06213960804076286,0.0008472640604106989,0.26752130651397343,0.0024852584404391437,0.6252555292702443,0.005983773873764923,0.004560659553896185,0.011254087208228661,2,6,0.5084745762711864,-0.00014211457115110258
1100051071.avi,0.49627214551301174,0.05937949443561958,0.9821428571428571,0.0,0.9949697067340215,0.04277236399949462,0.009322702276065456,0.9873471031586329,0.05697909213464344,0.0018529374261393634,0.2806964080509381,0.014914760836681697,0.6049830477235603,0.01247215248447678,0.009318835735387063,0.0881727807504597,3,7,0.5084745762711864,-0.01180699486782577
1100051076.avi,0.4668916894681155,0.009392437910322553,1.0,0.0,0.9944855640331904,0.00674762123423787,0.0026725240256023574,0.9890960186719895,0.06551068690823889,0.0011624315569273211,0.2535106283953957,0.0042031196012724,0.6253379349518866,0.005482667441770142,0.0038229559566884458,0.010454877306141426,4,9,0.5084745762711864,0.0011845155105102306
1100051078.avi,0.42780784904025293,0.01765387462417546,1.0,0.0,0.9951146374146144,0.004016019442855052,0.0017386071315669944,0.989186720053355,0.06711405560740842,0.001063521400365407,0.2662632982332936,0.004709964069055556,0.6254749064363886,0.006373993727648037,0.003640952295039057,0.010889979302268524,2,5,0.5084745762711864,0.0016721960842101475
1100051079.avi,0.4446352753407414,0.0427087061640592,0.9666666666666667,0.0,0.9952717890342077,0.006543036833285505,0.00819175937216341,0.9893735011418661,0.06621162822384949,0.0023046331661384437,0.2696860162217455,0.008692909159483814,0.6311412035774714,0.007253933393167781,0.005695213359446494,0.03011127718272221,2,4,0.5084745762711864,0.0037364203975736583
1100052001.avi,0.5181554101890448,0.020075584991906915,1.0,0.0,0.9877520938714345,0.019368208175065408,0.009297383633407649,0.9859366228183111,0.0706889390665821,0.005319342542890453,0.3771175930367632,0.009023218869772738,0.6681306640275557,0.01905925412923032,0.006659464448199284,0.02144534352814095,4,10,0.5084745762711864,0.0037301538417994816
1100052002.avi,0.5370295203658181,0.0612766099493248,1.0,0.0,0.9915318379799525,0.05449247521657453,0.042331203198079856,0.9836201220750809,0.05641550430057036,0.0058821221622104595,0.2933481960356782,0.03522998056120714,0.5890558629656429,0.009677513892498235,0.011043136640676115,0.04813231761551176,4,16,0.5084745762711864,-0.012185778857147295
1100052006.avi,0.49285635430840313,0.037496205327191286,1.0,0.0,0.992210806409518,0.02378873249712116,0.007928589409894469,0.9847904021541277,0.060946384546439705,0.002732523942421156,0.2983515610241152,0.0071371165186496135,0.6159175411606495,0.010957313560498873,0.00635729328466728,0.023939072533635617,2,10,0.5084745762711864,-0.0018961163973094238
1100052007.avi,0.5408493595346707,0.06386492262191387,1.0,0.0,0.9924491326014201,0.04103047835418255,0.011153845053375138,0.984670102596283,0.0599898169919347,0.0032243250493805753,0.294599048954407,0.01384800754268659,0.6112167900988358,0.013029111028233646,0.007597373543571333,0.02275268928410282,4,8,0.5084745762711864,0.0035225394703480174
1100052008.avi,0.6371897834371466,0.016269077571077803,1.0,0.0,0.9937665412823359,0.008938287944625525,0.006517827137705661,0.9846456244587898,0.05931389267773104,0.002266471805613405,0.2951509832947226,0.007429055701743439,0.6013229041721757,0.004933563140690927,0.0028992457616965083,0.010191756937044681,3,6,0.5084745762711864,-0.0017875980511349323
1100052009.avi,0.597432550923488,0.017577094472855184,1.0,0.0,0.9939113467931747,0.011065019582870012,0.013681279843911234,0.9855961903929711,0.05839583301658379,0.003890002523020119,0.29669076311175874,0.012797938877654739,0.6068456600156307,0.005157594652119344,0.003066302189708223,0.011575218584034555,3,10,0.5084745762711864,0.001682066495676168
1100052014.avi,0.5040236008944481,0.026288177103115228,1.0,0.0,0.9929587086041768,0.051098216841370274,0.013460994232585247,0.9863486006855965,0.05803994142159965,0.004902928019996065,0.2994446785716904,0.021733410906402822,0.6284026794969351,0.010597263482557072,0.0069939260478041115,0.037136231269743476,3,9,0.5084745762711864,0.00465933422705301
1100052023.avi,0.42371203079267367,0.028489705421904057,1.0,0.0,0.994275708993276,0.04010181513769595,0.03925447809460467,0.9875450993577639,0.06319950697510221,0.007558220255171689,0.2599240469208593,0.04257332638109871,0.6337508127232313,0.006208888919754532,0.006438563119730119,0.0231070310248737,3,9,0.5084745762711864,0.004316360059094746
1100052024.avi,0.47786007225938704,0.03201422177600467,1.0,0.0,0.9935431569814682,0.016887361851294514,0.0023047173520634595,0.9872085298101108,0.058983304287504194,0.0012224052749697373,0.2873964810564346,0.0031144589372448326,0.6293865247299407,0.004171293681561478,0.003310087220282154,0.012209921651145622,4,8,0.5084745762711864,-0.0007599998167674093
1100052026.avi,0.39945547769628426,0.02261141067032652,1.0,0.0,0.993571674823761,0.012327212314454317,0.0017811163160646735,0.9865090648333231,0.05857385497588997,0.0008794872422617888,0.28884387255043725,0.0036551943038933294,0.6322165803664535,0.004749263818323455,0.003188803055484131,0.01850246770597532,3,4,0.5084745762711864,-0.0006003571389261112
1100052027.avi,0.39478196160547535,0.0046744623161868405,1.0,0.0,0.9934171080589295,0.002872375329343693,0.0023491213655253648,0.9864090139667193,0.058920823456008485,0.000564446632543251,0.28490323139558676,0.0025508334714632506,0.6325856605492272,0.003114249308317352,0.0020558141669748333,0.005869866995182882,3,7,0.5084745762711864,2.6963324421626356e-05
1100052028.avi,0.40200328245333206,0.007153018680544533,1.0,0.0,0.9931740115086237,0.004316999659032901,0.0013896578889421776,0.9861368194222451,0.05896607913677624,0.0007483147377837689,0.2842508853723478,0.0015226325373138717,0.6344023598823261,0.0033428950793685866,0.001748356213228267,0.005888188185263152,1,5,0.5084745762711864,3.87651460613766e-05
1100052030.avi,0.41142159890463303,0.0048790304591071,1.0,0.0,0.9930289814869563,0.0027276720898757757,0.0027212977548285245,0.9861135572195053,0.060161686575814506,0.0008609942610333453,0.28127156963367894,0.0027635481013640485,0.638058041167904,0.002532946562714169,0.001807637591502449,0.010009025451473866,2,4,0.5084745762711864,0.000502113802516447
1100052031.avi,0.4084412492499366,0.00746761768055177,1.0,0.0,0.9928303261597952,0.0036486362744304252,0.0019207443838519243,0.985747163494428,0.06051716832257983,0.000825192159607423,0.278767065003845,0.0017885738673927404,0.6375158280546744,0.0029979199926613897,0.002709361658243416,0.012446453101836836,4,6,0.5084745762711864,-0.0015396555304773793
1100052032.avi,0.42638727734709875,0.09873300852852428,0.9666666666666667,0.0,0.993289045492808,0.03496856787357191,0.012584519402611152,0.9859700550635656,0.05548915751124176,0.004454806559369357,0.30535375556491917,0.0181373071814484,0.6405399693961144,0.012816585793763888,0.00640583763302189,0.020342091974217467,4,7,0.5084745762711864,0.000834524942785111
1100052033.avi,0.46285099135860985,0.01729386255570866,1.0,0.0,0.9936275005340576,0.012583924476874325,0.006846108915822671,0.9872980038324992,0.0576759728629915,0.002299332864756556,0.2946656017125633,0.009842379729452927,0.6421803843994444,0.007799369809344891,0.0039415717646872385,0.01423927266023725,3,6,0.5084745762711864,-0.001734661060172055
1100052035.avi,0.47930124441964794,0.006167892499054558,1.0,0.0,0.9933124790589015,0.002497896192510474,0.0015352978097850397,0.987212702135245,0.0584276715366234,0.0006104178828178267,0.28674766830064047,0.003198362992604919,0.6414681461668247,0.004178640163188616,0.0017765876883477237,0.005432453786981118,3,5,0.5084745762711864,-8.824109790714222e-06
1100052036.avi,0.4787305754831797,0.005522695183338187,1.0,0.0,0.9934097905953725,0.0025209388376751856,0.0023113678234418585,0.9872738018631935,0.05848679006652285,0.0008985367467475798,0.28400102547738837,0.002890960537039624,0.6377925689136379,0.0036172118646022296,0.0021620113121780162,0.006139033653256132,2,4,0.5084745762711864,-0.00011898701829138542
1100052037.avi,0.47896108761155226,0.007172101522956029,1.0,0.0,0.992806859811147,0.0033699158159983594,0.0025089196707014567,0.9865629052122434,0.0592842224127286,0.0007926705014746667,0.27656246122607947,0.0026166138917069564,0.6376363078013394,0.0030271342430369854,0.0027692943076166802,0.006239288852921492,1,11,0.5084745762711864,-0.00045160679223980567
1100052038.avi,0.4771658393985196,0.0073480656399923325,1.0,0.0,0.992857978741328,0.0024616795627563927,0.0017899935310122196,0.9866126522421836,0.05831238923528775,0.0005438599328346877,0.2792519047802308,0.0020066052241258393,0.6382654931539131,0.0031267423165620817,0.0023541454640220337,0.007551630552129467,3,5,0.5084745762711864,-5.328184002592867e-06
1100052039.avi,0.40434805280861214,0.03741782216123373,0.9833333333333333,0.0,0.9935912301143011,0.019776223455077586,0.004412595704794298,0.9863171339035034,0.05716994443933289,0.0009398927428698436,0.292518257517124,0.006106579178205765,0.6433330467678643,0.009812103808527265,0.00489594435570575,0.020799048534349673,4,11,0.5084745762711864,-0.00551480104743419
1100052040.avi,0.41143037190149406,0.03497203924968847,1.0,0.0,0.9934729635715485,0.022550423324672778,0.002261774779935532,0.9865692600607872,0.05853340526051413,0.0015183345148551328,0.2873975185311667,0.004888232859933698,0.6410242579721038,0.011624968080412688,0.003184714110394022,0.016720177111292474,3,9,0.5084745762711864,0.0007986078538053734
1100052041.avi,0.44747559550046173,0.023109992559819822,1.0,0.0,0.9934771577517192,0.017210977997397167,0.0017187489149982703,0.9872421448429426,0.05857428236800224,0.0011737351099863486,0.2874310381154724,0.006142218121623926,0.637378596772444,0.008912704188613752,0.0027520939201710376,0.01029068248124256,4,9,0.5084745762711864,0.0015086320552405272
1100052047.avi,0.3690630602640043,0.012595003719903072,1.0,0.0,0.9935273210207621,0.016357632328382575,0.001996011976999539,0.9853540812929471,0.05772073213741617,0.001031145711055034,0.2937019552434031,0.003284948867663146,0.6324333793061532,0.006597136222779611,0.0031588319709563916,0.013455508072841132,3,7,0.5084745762711864,-8.220152330668277e-05
1100052048.avi,0.37810444739828225,0.018023354418288902,1.0,0.0,0.9935358434915542,0.01022646506210495,0.0017501868798563448,0.9854723155498505,0.05809500597852689,0.0006950007415331584,0.29158807006623017,0.0026434089395643303,0.6362362425718903,0.005451593953295252,0.0024054402957790146,0.007880741942055963,2,4,0.5084745762711864,-0.00030338715601244994
1100052049.avi,0.42501393775732177,0.08289322472975046,1.0,0.0,0.9934861342112223,0.028657250412649025,0.005581649436278566,0.9858671347300212,0.05763207455344694,0.0014081328612320038,0.295306550959438,0.009130674514577697,0.6373544125051864,0.011042973474286436,0.005664427802871061,0.03081414165507881,3,11,0.5084745762711864,0.004777437024175279
1100052051.avi,0.5460300720326661,0.03445562932931079,1.0,0.0,0.995563480257988,0.009509336356521857,0.012701676112481209,0.9894939725597699,0.06788462944421109,0.0023450934455597826,0.2522402196150978,0.012941262633479072,0.6077562301060706,0.007472140723166092,0.003957487598726837,0.009597547024389658,3,7,0.5084745762711864,-0.001300745497649926
1100052055.avi,0.4219427408907504,0.004422540394603811,1.0,0.0,0.9941807518402735,0.0017394778489104273,0.0036849169881518363,0.9864043191075325,0.06376571291676472,0.0015338864636353438,0.2739200029282572,0.004533341605261892,0.6375721868355034,0.0031591106319920677,0.0019514551170577328,0.005124702483739312,2,5,0.5084745762711864,-0.0005430504071721443
1100052057.avi,0.4618165118329117,0.027217385472963995,1.0,0.0,0.9918524126211802,0.0076400345208472685,0.0061883379196768845,0.9853630259633064,0.06531497693002783,0.0016597761682198718,0.2493818970015767,0.007519104285010508,0.6290122797041755,0.011016989155699168,0.0038289135124763276,0.015314799986704423,3,7,0.5084745762711864,-0.0013747381464330822
1100052061.avi,0.5520634940699048,0.007354174967109457,1.0,0.0,0.9922691871722539,0.008094051971636936,0.002814234349137141,0.9864004582166672,0.05960348215089162,0.0014553154506265695,0.2867130029493278,0.003765258319811845,0.6457272508074322,0.004751927651980456,0.003923213064476073,0.011006713522416908,3,4,0.5084745762711864,1.6553493753952535e-05
1100052062.avi,0.48895008426948466,0.0865214630019345,0.95,0.0,0.9937993307908376,0.06525706720994773,0.01179742150795045,0.9868571852644284,0.06042958558706714,0.0022522339893973607,0.2845722637676273,0.008061342056701441,0.650060602587497,0.011801700668231963,0.008796625274130368,0.024689576547857046,4,9,0.5084745762711864,0.0019982998935681676
1100052068.avi,0.47988779391965014,0.012092774403063744,1.0,0.0,0.992540854215622,0.008982987647220572,0.0016691356391285704,0.9866935218373935,0.05638388720279243,0.0009225156063477541,0.2922581027047272,0.002404726890486548,0.6345872327855648,0.0026176459755907927,0.004035064359636845,0.012252517643651263,2,4,0.5084745762711864,-0.00014552073259738608
1100052070.avi,0.4144571943317786,0.10971719085527162,0.7166666666666667,0.0,0.9938664585351944,0.04271415936287167,0.003345476485745308,0.9865396430095037,0.05762824797285408,0.0022502269545473753,0.300575041794171,0.008123285108221266,0.6453017148692263,0.012424742940671418,0.0059432009354618105,0.02170274629744772,3,6,0.5084745762711864,-0.0029746795745216542
1100061009.avi,0.44954861945199104,0.00567376627716595,1.0,0.0,0.9879392673571904,0.008839785407725152,0.009121524953463833,0.9839099774758021,0.0764267082598138,0.00254163111054406,0.2669198165827532,0.013381346720753685,0.6902131522870996,0.008108808529891025,0.004430398319783415,0.015119823113740629,5,5,0.5084745762711864,-0.0027578937938064186
1100061010.avi,0.4467739443954479,0.005209314015298647,1.0,0.0,0.9867044260104497,0.006640623684785223,0.006551425658449154,0.9824766342838606,0.07567264336852023,0.0022264247590441768,0.25612051608952663,0.006911298272618077,0.6945791643241216,0.007903947082010938,0.004942898554501617,0.01672626576334206,4,5,0.5084745762711864,0.002176476440123092
1100061012.avi,0.4797344202845536,0.025163055829509683,1.0,0.0,0.9878194073836009,0.05912907381233414,0.02719944298666159,0.9839822575449944,0.06826926418837738,0.006452437645185724,0.30066471969687686,0.03353381851776335,0.6990567340213936,0.02074127520951896,0.013297256276988717,0.04299916945743037,2,10,0.5084745762711864,-0.00231125089296794
1100061015.avi,0.4478096710223568,0.025829006966449453,1.0,0.0,0.9885141491889954,0.02371802517707248,0.04677375243111214,0.9849363774061203,0.0761773520539529,0.011498228590970038,0.25472241630329284,0.05269027187341362,0.7250512374042237,0.008280647060712349,0.010005007165776826,0.06469009580216557,4,7,0.5084745762711864,0.009568533599085109
1100061016.avi,0.5200083682716368,0.03633032837494864,1.0,0.0,0.9887235740820567,0.07205731800412563,0.026776806376464967,0.9856028939286868,0.05683055923780303,0.006297740578583812,0.37895820096225347,0.0177527019471966,0.7674038671433016,0.024725181654029295,0.019977369781745125,0.05414448532886039,3,4,0.5084745762711864,0.004039865093423547
1100061018.avi,0.47375719159126467,0.012788330633415128,1.0,0.0,0.9883966286977132,0.03990370839347565,0.011226689998050076,0.9851713324586551,0.0784134674895232,0.0020187293841836475,0.252204318475443,0.03161559164079482,0.7489745218891959,0.029569700924434485,0.008305685340965319,0.03487274321148763,3,4,0.5084745762711864,-0.0025377739217363167
1100061019.avi,0.4778092458925724,0.014914877718754462,1.0,0.0,0.9899220546086629,0.01849168950755307,0.03751009605866158,0.9863320380449295,0.08145737802437508,0.008702546779445602,0.23099536947758667,0.04379275741288253,0.7508746358861758,0.024657128376243405,0.012999418063107898,0.08192568775168135,4,10,0.5084745762711864,-0.00016695399866567887
1100061023.avi,0.41580813139419776,0.0162168790291389,1.0,0.0,0.9878788282473882,0.07070969372253484,0.021106436073268096,0.9836011593540509,0.08679487864958621,0.005238791846258602,0.26661477766398683,0.033480982795413346,0.7961252275636548,0.01868574495919314,0.016019831898978626,0.06756356586698335,4,13,0.5084745762711864,0.018632172138602875
1100061025.avi,0.4221456817424117,0.03559915365513848,1.0,0.0,0.9930725038051605,0.04139954759638897,0.060329587392370904,0.9901607831319174,0.08897171911215761,0.013285279890834938,0.2727011729610632,0.050829828406499945,0.8719384864531415,0.02767552079071843,0.015031022695812378,0.08907138967045258,2,25,0.5084745762711864,-0.01848632737838946
1100061028.avi,0.43219224454165833,0.0176476510461167,1.0,0.0,0.9920929501454036,0.03047979219133005,0.02094746990904234,0.9848784804344177,0.06922598971918781,0.004977761247770624,0.17246462194444334,0.030793637627458296,0.7772274865050078,0.025785445405134413,0.02099241736989715,0.06190004859746005,3,8,0.5084745762711864,-0.00250771772734551
1100061030.avi,0.40746312650261307,0.025269879813645636,1.0,0.0,0.991762391726176,0.02659263960695178,0.044845003151925446,0.9799469202756882,0.05334407023315315,0.006158860841032962,0.23029256650610563,0.015462651073822765,0.7547812581466623,0.031660665830857894,0.02175686940856498,0.08962365535392774,3,6,0.5084745762711864,-0.008988471756873104
1100061031.avi,0.40536666613199124,0.03245754626612086,1.0,0.0,0.9904134333133697,0.05000513951413385,0.03997279886874467,0.9847626850008965,0.06307270420388987,0.00438404522985342,0.23632693842418628,0.02929203430590905,0.8072827068825724,0.0422446542745239,0.025781562176581754,0.10976113764660927,2,9,0.5084745762711864,-0.008896678257991352
1100061032.avi,0.43878937984772437,0.028503365065079486,1.0,0.0,0.9891208986441294,0.028115232657411473,0.043640798913020105,0.9857809985677402,0.0864002131912188,0.006644747267232418,0.3290319120597834,0.028964627776549474,0.89635295494122,0.031954099705602715,0.021722763576470128,0.07561968478568644,3,21,0.5084745762711864,0.013164690585297527
1100061034.avi,0.4719782660845135,0.016514171794852026,1.0,0.0,0.9896267374356588,0.017849600778044115,0.02169518238397168,0.9872395490606626,0.09712098541463471,0.00236889461733854,0.23178255284716529,0.01999825801017986,0.8865374545216121,0.017763648851948453,0.008665924679240806,0.029181424679419064,3,6,0.5084745762711864,-0.0014218476278129218
1100061035.avi,0.48951874704734594,0.03528745660238821,1.0,0.0,0.9908318142096202,0.043362043714861596,0.08269121459514127,0.9891378194093704,0.07606992590763223,0.020156815081116372,0.3387583889554753,0.09596971682512712,0.8866593796148798,0.014067317948757289,0.01631865579910425,0.05776218025387624,3,21,0.5084745762711864,0.019374850822825994
1100061039.avi,0.46845977327883925,0.0059275800742038505,1.0,0.0,0.9894222448269526,0.008410105108936285,0.00934656642778165,0.9877904628713926,0.103462797940141,0.0030235137842428506,0.26350433106084686,0.011963814006662446,0.9126164932253342,0.010112128981561086,0.0031804201527716905,0.008516404672188073,4,8,0.5084745762711864,-0.00047349833923411794
1100061044.avi,0.46031016499210314,0.00950904111221519,1.0,0.0,0.9854532192150752,0.011210122662193955,0.008054662098550632,0.9845236137509346,0.10408685138932712,0.001756566849940045,0.2630904729561581,0.016347493158082947,0.9289781138586799,0.008886507620774775,0.0047219968216362625,0.014932933721547347,3,8,0.5084745762711864,-0.0030477666098547357
1100061049.avi,0.4617148769351669,0.01240245673493423,1.0,0.0,0.9870979011058807,0.017353593530077274,0.008987942120640042,0.9854250664512316,0.1016104825913609,0.0017402634946580013,0.2602091715808322,0.016792755623671,0.8964918212335984,0.01181768103935615,0.006181847823315758,0.018331987359027604,3,5,0.5084745762711864,-0.002999244521100266
1100061050.avi,0.45591072641216923,0.03630466261119084,1.0,0.0,0.9866078585386276,0.02723291255487828,0.0058155906063024655,0.9848451291521391,0.1036343135728117,0.0019819075461545957,0.26059897908826385,0.01035201531119728,0.9131394610616861,0.017471942416712023,0.006576897121497834,0.03191961938061302,3,10,0.5084745762711864,0.00610138233122441
1100061053.avi,0.4486597328455911,0.010218502386634945,1.0,0.0,0.9873168687025706,0.004116008230702923,0.0032627575630828787,0.9852762252092362,0.10392025494963822,0.0014483481324669535,0.22346460233721915,0.014825297512091643,0.9126032917927903,0.010190612435461039,0.0026563246692864603,0.007479885020241553,2,6,0.5084745762711864,0.0005704365682165525
1100061057.avi,0.44806921815597567,0.016961859520986784,1.0,0.0,0.9875337372223536,0.024997819332991496,0.007102228684176955,0.9856903865933418,0.09649884257700496,0.0018494966266139727,0.26683628830075096,0.012627083551750224,0.9098194162825896,0.011859703747787992,0.004325886321649484,0.013216586548711379,3,5,0.5084745762711864,0.00027650369274647216
1100061058.avi,0.4443444830194231,0.02530768519118679,1.0,0.0,0.9879592329263687,0.027191064676559268,0.06434920237951303,0.9851998244722684,0.09366866660915536,0.013483391668661795,0.30058125635511485,0.0550050252892465,0.9266369764515378,0.019138684514074127,0.010251965185737516,0.09095548129076894,5,8,0.5084745762711864,0.01100689509174211
1100061073.avi,0.461077828279426,0.023345855633742127,1.0,0.0,0.989761260151863,0.026143800310034576,0.024698771337773526,0.989002792040507,0.08925542871074432,0.005346415479305005,0.3466142963893067,0.02289892077444437,0.8702297181272344,0.015079281663326095,0.007148653785739618,0.021405249622019222,3,7,0.5084745762711864,-0.002171160903032419
1100061074.avi,0.4792557941767097,0.021360594864502046,1.0,0.0,0.9878912468751272,0.027317981673160813,0.04674245062181224,0.9882457067569097,0.0824311734832601,0.01162348656416596,0.3670867256199462,0.04077441435437519,0.8817621457979233,0.018646824573959365,0.013454443347498317,0.09770202697789845,2,7,0.5084745762711864,-0.010346474494239526
1100061077.avi,0.47397377061928136,0.01254012686714693,1.0,0.0,0.9866021424531937,0.014018067208414949,0.015537446475621493,0.9870310977101326,0.09015170828276586,0.004425117066865269,0.34047125460177813,0.01265746450196164,0.8616482369628795,0.02102286097410786,0.006047732966359277,0.02729105739759115,3,7,0.5084745762711864,-0.0020922885252268727
1100061078.avi,0.4922598715903311,0.021139241944102886,1.0,0.0,0.9867799510558446,0.034480730967469696,0.04690551446829167,0.9873757148782413,0.08810620124765196,0.01206089948137542,0.3368107282800242,0.05287551030084111,0.8678337522970274,0.025964846056812735,0.010895591185728581,0.05091437903219348,6,11,0.5084745762711864,0.009806017708173655
1100062008.avi,0.5107956614195605,0.053201220805882375,1.0,0.0,0.9896621316671371,0.06251874119841022,0.06723946784358291,0.9935374687115351,0.1233092429873182,0.015311062475081162,0.3276710075133009,0.08284118632596116,1.0520124305724878,0.04398749270170961,0.021052135331789304,0.08856149591476513,3,7,0.5084745762711864,-0.009751360954938098
1100062016.avi,0.5264775623507226,0.05675193075694416,1.0,0.0,0.990465788046519,0.04781075716296136,0.08210043859681364,0.9929153829813003,0.11276135045307287,0.013877057033057597,0.349107196824145,0.06398142659768945,0.9959586339515517,0.03568273459681823,0.01973636835291644,0.08975636919115726,4,19,0.5084745762711864,-0.016403589759288233
1100062024.avi,0.4924317731179284,0.02721616416032512,1.0,0.0,0.9934871812661489,0.020607268352257693,0.02119798950947903,0.99057913372914,0.08617087296255771,0.009217817842550208,0.33457021573735907,0.04146642170688703,0.7989407847606487,0.038216712666147325,0.010516155817196988,0.027325742416368093,1,9,0.5084745762711864,0.00910253256938417
1100062028.avi,0.5425517441598895,0.012369561198844832,1.0,0.0,0.9944132069746653,0.008715226140619264,0.016037187915665888,0.991825570166111,0.08391025015114506,0.0025651937896611667,0.33776313435179084,0.014811893919836588,0.8188008059243072,0.01156453260301914,0.005888195618142443,0.0262784975664679,2,9,0.5084745762711864,-0.0015090538191336001
1100062029.avi,0.5198500249413771,0.01989105941111695,1.0,0.0,0.9942184289296468,0.012553530898253909,0.010200360420080797,0.9916366100311279,0.08566375398506303,0.003195151769275668,0.31625064852510104,0.00952711944199209,0.8099257106451764,0.013147780053755543,0.0055089205529501185,0.0328560102440319,3,11,0.5084745762711864,0.004598539529671968
1100062036.avi,0.4951163827085304,0.02119432501558756,1.0,0.0,0.9920422414938609,0.015448503106520732,0.03091463848558883,0.9900811811288198,0.07882486133034522,0.00890903124994421,0.3635329937891022,0.03201479923883269,0.8178205684989871,0.009319915208723854,0.008098817120194375,0.02396723723747056,4,9,0.5084745762711864,-0.003525949789555132
1100062037.avi,0.4508688971113085,0.01814571581050543,1.0,0.0,0.9930682788292567,0.01143637237445746,0.004909949526962073,0.9899716372291247,0.09040637792840074,0.0021710026888983177,0.32139397974296063,0.005842448803625387,0.8119728617093179,0.008026536744856426,0.003350068624690733,0.011941764892532939,3,12,0.5084745762711864,-0.000979680074049602
1100062044.avi,0.5901065998929673,0.019301611877132634,1.0,0.0,0.9953989714384079,0.025658443158871606,0.01605279678021289,0.9924937148888906,0.08482785695548313,0.0039550399870070365,0.3256518798196736,0.033450596223472996,0.8160408248585773,0.015106048165480489,0.004654534087744435,0.021488513372443913,3,6,0.5084745762711864,-0.0022988015990311724
1100062045.avi,0.5753377827055896,0.017373445982928996,1.0,0.0,0.9952432284752528,0.014032324062397126,0.013125824919813222,0.9926347052057584,0.08762518249401012,0.0037433969473657197,0.3237270417727441,0.020416072055929584,0.820514850864044,0.01379764191333406,0.0043501084859558364,0.01969147822393693,2,8,0.5084745762711864,0.002773753036630603
1100062049.avi,0.5236720441230516,0.00925591419754399,1.0,0.0,0.991911240418752,0.048191226717919845,0.043794814246394524,0.9874160821239154,0.06465680568681481,0.003951575890197558,0.2615699345953732,0.018267975503487834,0.7755809544178851,0.04109762235412334,0.03624443250160282,0.1252492116554798,4,8,0.5084745762711864,0.024816503925036766
1100071005.avi,0.5092222635125645,0.007267788168495392,1.0,0.0,0.9390693664550781,0.013237321231118046,0.017050756943591254,0.9741332898537318,0.1326063480792478,0.005217207847123318,0.4383803694263128,0.004581562950613017,1.034291057396167,0.0105857600403988,0.0058338175596720065,0.023940854724189286,2,16,0.5084745762711864,0.006357592044686043
1100071006.avi,0.5080531460299392,0.006086241371795333,1.0,0.0,0.9402086238066355,0.009463330897851906,0.008730022184604648,0.9745342041055362,0.12893824919573998,0.0024551489121894367,0.4291883315541693,0.007382264191922061,1.0379189092731034,0.01669370071107156,0.004565060447926314,0.019498454036528622,2,6,0.5084745762711864,-0.002923849244466497
1100081044.avi,0.4953165616084366,0.006226403035923556,1.0,0.0,0.9782949994007747,0.017356891904007413,0.02501821877375534,0.9876187309622765,0.11303451464733377,0.007160616941877238,0.32169630192099613,0.01980864223089566,0.9297395157267254,0.019169142558678503,0.0046689520351119096,0.01871053595726429,2,13,0.5084745762711864,0.0013413682549760766
1100081045.avi,0.49690559590391753,0.005412580783968917,1.0,0.0,0.9774887641270955,0.006030572540014809,0.011369824262302288,0.9877621804674467,0.1281874850172348,0.00264749218929461,0.26488960523523736,0.010971465311047866,0.9652275968063841,0.009397274407151697,0.008011627025851419,0.01770166138233074,3,8,0.5084745762711864,0.0031485043997332915
1100102003.avi,0.4911266424084921,0.025062452085536518,1.0,0.0,0.9890482991933822,0.01014322532549032,0.016099631419880054,0.9934409444530805,0.1328111553699448,0.0018008347804019257,0.33506034359310444,0.014943390018644235,0.956522421786801,0.013671722060038855,0.005715647410512257,0.026498733842682788,3,8,0.5084745762711864,0.0021044405237843414
1100111001.avi,0.4844700189103966,0.02852346582848991,1.0,0.0,0.9869005600611369,0.019759025843608148,0.018519200969774878,0.9814847846825917,0.06792390174138276,0.0029566833433547456,0.35936226161931006,0.010474356521726909,0.7326448640656537,0.012417347566972423,0.01189756989824362,0.1019049122155095,1,10,0.5084745762711864,-0.012559618141967325
1100111002.avi,0.48122200402936355,0.007309778823662837,1.0,0.0,0.9849649478991827,0.004698737546284064,0.002877365525325254,0.9814710577329,0.06833293123136315,0.0010845803660857675,0.35489573217048437,0.0039433654355301,0.7415092438909543,0.004117693089428896,0.0033506393244348153,0.012902680511062806,4,7,0.5084745762711864,-0.00210814380008419
1100112002.avi,0.4866787933026288,0.014694061777848572,1.0,0.0,0.9848146160443624,0.006971468481507757,0.008143102123073722,0.9813824931780497,0.06942914930535049,0.0021983906444228768,0.3549717116019462,0.008212291280539488,0.7569742000628763,0.0064551487364876755,0.0037933748243551605,0.013996743241044017,2,6,0.5084745762711864,-0.0005483873229506098
1100112006.avi,0.49552413609387247,0.005794942934051246,1.0,0.0,0.9859258641799291,0.002908150520888273,0.0017924968077740776,0.9824174637595813,0.06765565034677443,0.0008233196383988194,0.36041953955153977,0.0019098003898201151,0.7476746744792961,0.010479456121512338,0.002439381231694967,0.005675357624146904,3,6,0.5084745762711864,0.00017190846983372674
1100121002.avi,0.4869598868771387,0.004803929103745244,1.0,0.0,0.992879581451416,0.004287661474411317,0.0028158460533618443,0.9885551616549492,0.07354022446521526,0.0007975066457095924,0.3005918230076325,0.0036270773496307205,0.6775210397025957,0.01173789980764845,0.003733433410414306,0.011582912227520867,3,5,0.5084745762711864,-0.0003111253301451757
1100121003.avi,0.4853010939705524,0.0050649742817227335,1.0,0.0,0.9927705983320873,0.0020439829454719075,0.0036927661234905256,0.988460810482502,0.07479846614898816,0.0011966647726499027,0.29680328204211665,0.0041513311613243795,0.6789598198516905,0.008105285445438875,0.0026551644926123795,0.008585977424113942,4,6,0.5084745762711864,-4.884740707558968e-05
1100122056.avi,0.5070159225469563,0.006576508473469692,1.0,0.0,0.9918668846289317,0.0070606221225170485,0.00679933520622699,0.9869530965884526,0.07076915105679848,0.001537069556574975,0.3126675943102537,0.006041262394903159,0.6828816102213353,0.0053049705300013735,0.003213638119433117,0.01179266456270345,4,8,0.5084745762711864,-0.0020038106336916777
1100131006.avi,0.5431143297177864,0.03694619211936502,1.0,0.0,0.9844156334797541,0.020372918306529625,0.00504262861853222,0.983498041331768,0.07566341175641712,0.0031476621576019288,0.42606702632932286,0.0037936832834337226,0.7938025947098009,0.005243958106146621,0.004050288514378815,0.020952315958629404,3,7,0.5084745762711864,0.0030900983357275424
1100131007.avi,0.5789842892078368,0.005708305647373253,1.0,0.0,0.9848383277654648,0.004664322821877698,0.003859705526182853,0.9840244089563688,0.07410947179855615,0.0019358086815947553,0.4243276490177124,0.0034007772286710346,0.8014117555478176,0.004467012491039809,0.003525639330489195,0.0189706669183242,3,8,0.5084745762711864,0.0011076929517543125
1100131017.avi,0.5299147746357371,0.03687933463669745,1.0,0.0,0.9850151787201563,0.03736095647765818,0.009595462029915115,0.9842794323960941,0.06992983412545838,0.0032630239595304866,0.4277632533100401,0.011259265711602124,0.7988375306589519,0.009628446102285361,0.014992604047927623,0.0466594195651023,4,7,0.5084745762711864,-0.01112510927657408
1100141001.avi,0.5307901577085145,0.049574715416839714,1.0,0.0,0.9685642590125402,0.04751085907568979,0.07759787572594772,0.977640641729037,0.10486009942868874,0.014591279082621509,0.42790231083572955,0.06725918694845799,0.9039559303953376,0.029500805359155,0.026132497055028653,0.08253199649626901,5,12,0.5084745762711864,-0.013869784464486709
1100141002.avi,0.5326462015749408,0.012633422540987408,1.0,0.0,0.9631264726320903,0.020512099054769632,0.02241090800316048,0.9742762640118598,0.09620188154028973,0.0032039281372468554,0.482426777313731,0.005773238154903638,0.8920505679188495,0.00785630768705484,0.011881115044242111,0.04616262787164887,4,8,0.5084745762711864,0.004926608280092936
1100141013.avi,0.5394956850906273,0.05976103305623212,1.0,0.0,0.9750299046436945,0.07536522607809136,0.0975331353172595,0.9768571376800537,0.09773166081270954,0.014874274341602402,0.42886788185324354,0.08294923998898672,0.8847053234583256,0.030620235194284463,0.029418587272673564,0.08616862922092201,2,11,0.5084745762711864,0.005504301292402449
1100141027.avi,0.5162100190183314,0.02362536853382429,1.0,0.0,0.9829239547252655,0.02223773157141838,0.016792308954309623,0.9815819129347801,0.1071738450588042,0.0016201750643276764,0.3732611905679137,0.008735198912295678,0.846671491455003,0.016402896009010296,0.024591398559204274,0.04529550392264266,0,5,0.5084745762711864,-0.0025181200166408332
1100142033.avi,0.5195919211752329,0.010391092334676612,1.0,0.0,0.9631232609351476,0.020224934686381795,0.02319498950631014,0.9749792064229648,0.09633791622640647,0.0036514046771239624,0.4397381983140496,0.01073569547724899,0.9456031669561121,0.007911125094888437,0.02935046766920861,0.07218693783011301,2,4,0.5084745762711864,-0.011566246256585002
1100151003.avi,0.5157229216000341,0.04325989004279184,1.0,0.0,0.9861647963523865,0.034398167166355645,0.023690223690454464,0.9812591627240181,0.10382063127437993,0.004126995214821302,0.3599719572248069,0.018142553776858195,0.817825249501574,0.008360962421230632,0.007679997957283656,0.033688055928761514,4,13,0.5084745762711864,0.003394321113666908
1100151004.avi,0.5610690031254001,0.004576035229787153,1.0,0.0,0.9860326478878657,0.005014331073419206,0.009464402608148414,0.9830080086986224,0.10711775702967036,0.0022328593409316044,0.3464832746496055,0.00905763014490296,0.8101082541650381,0.005062217184564457,0.003352547050892068,0.009929002330950792,3,6,0.5084745762711864,0.0006469589567738741
1100151011.avi,0.5231361723926198,0.04887580867672192,1.0,0.0,0.9893854369719823,0.07910736198280204,0.04356022306796972,0.9878441179792087,0.10971374377232129,0.005256183729068954,0.29672418414588714,0.05962092541683657,0.8195299590948353,0.038393227032933436,0.017955112143346937,0.14048338774730293,3,8,0.5084745762711864,0.021590161490638256
1100151057.avi,0.5447164226590379,0.02098608685336787,1.0,0.0,0.9829714874426524,0.02790097737320007,0.020219724535842164,0.982831051448981,0.09680485781768353,0.005219541050508048,0.3532874677746122,0.011679519027608418,0.8120728217454836,0.015122230944302728,0.008269374996684469,0.07218900877942579,4,5,0.5084745762711864,-0.010173009046548737
1100152010.avi,0.4517867567116118,0.06267570385630124,1.0,0.0,0.9801339020331701,0.03743734026216515,0.04424737496270333,0.9754992445309957,0.10830434853487994,0.00916764979283284,0.35434605887558474,0.041917905738942184,0.8136988775395657,0.012451838091511921,0.009870273606928553,0.09312253856061854,4,9,0.5084745762711864,-0.005526498856698291
1100152017.avi,0.5528839075038603,0.019593908287238573,1.0,0.0,0.9815860142310461,0.012864398278523259,0.028916069755819333,0.9802209337552389,0.0929404637840524,0.00628341304162513,0.40342529972664615,0.0247218411347056,0.8251006005193202,0.007894979216024263,0.005515902259229716,0.04621979087455667,4,10,0.5084745762711864,0.005401752917577096
1100152031.avi,0.5191178005377017,0.028025141149384092,1.0,0.0,0.9781648476918539,0.019171280183612676,0.020070353851426494,0.9784047370155652,0.10582095836655611,0.003804057210654762,0.36154520528723755,0.016744156809529908,0.8496621723015251,0.009598811723695404,0.006921181320785097,0.03787335963348532,3,15,0.5084745762711864,-0.008226410363042997
1100152055.avi,0.5439351029388814,0.00640444207400897,1.0,0.0,0.9688510328531266,0.005844997312946939,0.004115078052234734,0.9760052497188251,0.09885505788345461,0.001426092871712638,0.4207611586863818,0.002863977531076427,0.8306934080783243,0.004469374840831817,0.0037797697642854683,0.008164433443766106,0,19,0.5084745762711864,-0.0025574504393429016
1100152070.avi,0.4806960183923562,0.044079146872415445,1.0,0.0,0.9852432608604431,0.03726605932291259,0.012466894119862645,0.9803860530257225,0.10262118592638811,0.0045253584955408654,0.37866821484306734,0.00844940008588261,0.8498887208086502,0.022545594706897026,0.005734148080895634,0.029499034502925847,4,7,0.5084745762711864,0.003056801027589503
1100161002.avi,0.5292582888205767,0.010295889814527255,1.0,0.0,0.9942218611637751,0.0265286968521323,0.034262705573796834,0.9892334148287774,0.056893883781159046,0.003246871403429569,0.3137006196142048,0.011329916114334116,0.6136063720548673,0.012233278806508296,0.008356201090100527,0.08149374859327857,2,6,0.5084745762711864,0.006095199547392624
1100161004.avi,0.5289715432376724,0.0036975550017513486,1.0,0.0,0.9942757189273834,0.0012605215451313052,0.0019795939521043172,0.989021307726701,0.05610534885623489,0.0008155863090681965,0.2989958319204107,0.002590547808789309,0.6318683083446162,0.001923310290013868,0.0018543565506064818,0.005280427150165312,2,4,0.5084745762711864,-9.918612185148509e-05
1100161053.avi,0.3761970468824775,0.05903461813126913,1.0,0.0,0.9942293097575505,0.027281074883636448,0.009347683570036437,0.9881800497571628,0.06578648176205229,0.0028042866059716353,0.32264494258175064,0.009531151429867536,0.644591925344741,0.012642358704555197,0.005332765020810503,0.04690826312820616,4,6,0.5084745762711864,-0.0027597189007613626
1100162005.avi,0.44219558176671503,0.017652743622021533,1.0,0.0,0.9916281501452128,0.0048316080063664744,0.005093286382855287,0.9864551390210787,0.06731489503140084,0.0015253410459154107,0.3456001951005362,0.009171620829990507,0.6626685975549158,0.01130219730834773,0.003964143640403372,0.01213858673930346,4,8,0.5084745762711864,-2.024791281306313e-05
1100162016.avi,0.34464048591546026,0.006800537143735953,1.0,0.0,0.9919074505567551,0.007274013345912809,0.004917044364187521,0.9869059602419535,0.09231572561906934,0.001949857483350977,0.2006791688704129,0.005966700221760636,0.6255815912150031,0.01155089282810684,0.005995506497656949,0.028875472384897148,2,7,0.5084745762711864,0.0013202770068043278
1100171001.avi,0.43838071057468003,0.03841282676280713,1.0,0.0,0.9934460431337356,0.023724167445660367,0.014410687159195778,0.9907816424965858,0.08624512300934423,0.003484668056078518,0.2610870789462595,0.012704493352154293,0.7291806432108758,0.011057315291282776,0.008214568365426266,0.039921023461831115,2,7,0.5084745762711864,-4.818462205573651e-05
1100171002.avi,0.43298639408844086,0.036934741714241895,1.0,0.0,0.9950060774882634,0.016663833914173098,0.004188475792035706,0.9927523156007131,0.08138539349586467,0.0023382602321223014,0.2826698477770783,0.0076112940166759725,0.7294500130125358,0.005433618748424935,0.00394317362626134,0.017319476163133805,1,6,0.5084745762711864,0.00011412772325657041
1100171004.avi,0.46949672955752375,0.039290026049706675,1.0,0.0,0.994568008184433,0.021901751504994595,0.01774224207597234,0.9928127686182658,0.08110285720974598,0.004458351591403786,0.28212452693252754,0.01382837002851014,0.7392553918954967,0.0065965299833199795,0.00559303333645489,0.016478287866915554,4,6,0.5084745762711864,-0.003100341918385946
1100171008.avi,0.4088808035294726,0.03118796057493624,0.9661016949152542,0.0,0.986164316534996,0.02321099317611594,0.012929581287478795,0.9848408545056979,0.08136101171069558,0.00419705009880443,0.42821934250244653,0.012962629561411405,0.7871410217327164,0.006002104551968281,0.013911138633692371,0.07017868523117199,3,5,0.5084745762711864,-0.011564626412379538
1100171059.avi,0.4733086349846571,0.048482231061800087,0.98,0.0,0.9860256950060526,0.06154430422522739,0.015525024660072717,0.9803117031852404,0.07415437202862832,0.0022064970175193297,0.38462353059984955,0.02137994221484524,0.7435969201329101,0.005813689291191365,0.006408480304292452,0.11677672500853237,2,7,0.5084745762711864,0.007413038149716846
1100172012.avi,0.5015063734519629,0.027637674523322733,1.0,0.0,0.9907108058532079,0.020897087413033966,0.02800388908892819,0.9877154072125752,0.08039707374551819,0.00538155675825928,0.30970576569432334,0.026557357900224253,0.7090363180247758,0.009781605114447367,0.007246168588239679,0.01761466731780884,2,5,0.5084745762711864,0.0011574915476738785
1100172017.avi,0.5104125656124426,0.018487379328688425,1.0,0.0,0.99332248767217,0.026346895078451824,0.017635548258261524,0.9909599254528682,0.07409775004701466,0.005563453083637117,0.3509177685459287,0.02121668013259438,0.7310910836400374,0.017518587316884972,0.00668837090739925,0.026839966360259645,3,10,0.5084745762711864,-0.006523035886351834
1100172033.avi,0.46350274651193846,0.015239221738909119,1.0,0.0,0.9931323826313019,0.011644789229650334,0.019264785964721403,0.9892559866110484,0.07923791867505843,0.004698101470701598,0.344180775631108,0.020239084138319402,0.7105988968059752,0.008778598489412478,0.005826077492283935,0.017143633878567415,4,6,0.5084745762711864,5.338330267190376e-05
1100172034.avi,0.531009950724353,0.05670562864108771,1.0,0.0,0.9910084853569666,0.030187197543469838,0.03605174252064011,0.9877437432607015,0.08021971999586565,0.0059494780651895,0.3195750725180877,0.035883958169483726,0.7170094441786202,0.019543214970643753,0.014269478463284009,0.04055006372413699,2,8,0.5084745762711864,0.0006792485447651622
1100172043.avi,0.4057873518699093,0.025055030299776262,1.0,0.0,0.9953005154927571,0.018151219756320454,0.013196879437591938,0.9898411139845849,0.07724721272760589,0.0042149239208775025,0.36823883574535327,0.013684254726530232,0.7279236618348154,0.01791304914201066,0.006974828719793846,0.028626651301659173,4,4,0.5084745762711864,-0.0023362326314443054
1100172058.avi,0.555911751810969,0.07400124610184831,1.0,0.0,0.9916491270065307,0.06701627750887955,0.03705504552209551,0.9855262870589893,0.08862596847677733,0.009125224388544295,0.31526213694724187,0.026714361596440556,0.7037863994718841,0.023156911722705394,0.007994706583177144,0.026042724168426862,3,7,0.5084745762711864,0.005901381254170791
1100411010.avi,0.3936955555487714,0.01392736793680451,1.0,0.0,0.9893267512321472,0.010879781212705122,0.012767068404017876,0.9884276981155078,0.07018285510246279,0.0031872435955901807,0.3981568928027223,0.007044426118134881,0.6953585624454174,0.005220756558802426,0.005191964870906198,0.014096825419906533,3,5,0.5084745762711864,-0.0008524816146974964
1100411011.avi,0.3970148968895109,0.03884366386998675,1.0,0.0,0.9883398701747258,0.025263134779291582,0.03820801826726498,0.987367503841718,0.07548273493446317,0.010468620277819318,0.38696311273100625,0.03067793136399628,0.7085224753664644,0.012022230700821371,0.011505718403086439,0.05813184471912366,4,7,0.5084745762711864,0.009819337187156413
1100412018.avi,0.527983572960634,0.011501274973832626,1.0,0.0,0.980634422103564,0.018857326662877993,0.013023039970715834,0.9808853795131047,0.07874931376507212,0.006429397090262272,0.4722646326135348,0.02462878903826877,0.9904073907618366,0.03974668825939671,0.017085401194554952,0.08187856600400649,3,7,0.5084745762711864,-0.013540720803481345
1100412033.avi,0.43131726501062667,0.0131722022251678,1.0,0.0,0.9968385140101115,0.013082901074591891,0.005165105173151567,0.9938865835467975,0.08590267321105721,0.0035610481965534383,0.34765364391706594,0.008814288771993454,0.6685825099650733,0.01495417369447526,0.0070972894453573045,0.0251041610502779,4,9,0.5084745762711864,-0.0032162954661273564
1100412039.avi,0.4982756251709084,0.011488238440719709,1.0,0.0,0.9969960321982702,0.0055232516796960215,0.0040181415897011605,0.9955847690502803,0.10048054349148085,0.001772298242147539,0.3539250499917239,0.006662770905203163,0.7564475019666284,0.01964932968462851,0.006745087607917829,0.022303693729722844,2,9,0.5084745762711864,-0.0033529296343712007
1110031003.avi,0.5406682484654814,0.021213036859919692,1.0,0.0,0.9917484025160471,0.03992472488362673,0.04609699359786147,0.9844963148236274,0.06963206085430544,0.00506666976792727,0.30463003765539803,0.05218349975695825,0.6361494537092329,0.022074407879755828,0.018329285471203126,0.30488761022135485,2,13,0.5084745762711864,0.022451794590176908
1110031007.avi,0.5150823245085061,0.007909609145846661,1.0,0.0,0.9927668988704681,0.006273153590964093,0.003690922438920473,0.9848596503337225,0.06936970109985792,0.0013608770664752777,0.3006647917459942,0.005094305836191844,0.6026728834789286,0.006853548261046945,0.0030580476066309225,0.009778420559278099,3,6,0.5084745762711864,-0.0003599499292753225
1110031010.avi,0.5279888184009078,0.011629747129760414,1.0,0.0,0.9865537365277608,0.03430944165006867,0.019391817072082446,0.9823333407441776,0.07043420704373743,0.0026339008348667506,0.3454879149459302,0.01728321314687813,0.6405700593911888,0.015413378900861316,0.008786774391392986,0.04899794224585702,5,8,0.5084745762711864,0.0035773824332190774
1110031025.avi,0.5071956308993453,0.046528289662669566,1.0,0.0,0.9878603686889013,0.06711950052761367,0.0314578752793407,0.9820537815491358,0.0819236422167371,0.009754176238365718,0.30123446719214014,0.022959228624203486,0.6264177543994484,0.021311890173382624,0.014990541924343627,0.08883365526831632,6,11,0.5084745762711864,0.021243125241800862
1110031027.avi,0.5083058393071433,0.04681871017992564,1.0,0.0,0.9910349428653717,0.028296428474717545,0.04362899168286265,0.9855035111308098,0.0761250581382399,0.007739114468929384,0.2976445836956897,0.041052185314891056,0.610365051672334,0.009098680455131892,0.01661014449562175,0.06460835547550645,2,5,0.5084745762711864,0.0011860119126838042
1110031033.avi,0.5982246991021506,0.023314372499044913,1.0,0.0,0.9876141518354415,0.017287641975048142,0.03011498661465548,0.9809682408968607,0.06463902584980923,0.006322708297571016,0.34320894697083776,0.022492060591930232,0.6110106804890735,0.009634681953786558,0.011300199380059859,0.04436089413974851,5,6,0.5084745762711864,-0.010460754066255226
1110031038.avi,0.5658524049170236,0.03959284113658187,1.0,0.0,0.9854022145271302,0.018636335532787006,0.027665812490188284,0.9800819456577301,0.07146297444741047,0.006683138814357107,0.33939881206269623,0.02321113346617704,0.6113670601526062,0.008997063635137326,0.011346951045500127,0.045422585775617634,3,13,0.5084745762711864,-0.008100458007488712
1110031056.avi,0.5606369847737257,0.04751860015930855,0.9830508474576272,0.0,0.9915700038274129,0.03995265130696239,0.010784143748190632,0.9831468294064204,0.07565455799128916,0.002239115779257339,0.3073271556350242,0.010966055365111796,0.6392120448051687,0.012719631799766255,0.008455609750620333,0.08972602697432079,3,10,0.5084745762711864,-0.007186535058849629
1110031063.avi,0.5636097230928058,0.01498489461351755,1.0,0.0,0.9920339941978454,0.02029466040732255,0.0213097273033964,0.9841753413279851,0.07679071029514366,0.004097748573386639,0.28868380637534613,0.02711293912788076,0.6374706673997069,0.012665504926905206,0.009527295031056973,0.030097529820540366,2,15,0.5084745762711864,0.005695641975212771
1110032014.avi,0.5586281039085693,0.029122436754926727,1.0,0.0,0.985296756029129,0.028253433393429,0.034691147146233156,0.9803338373700777,0.07080554187300157,0.003046605968126,0.3366405133063667,0.012736623602660894,0.6382701612800437,0.015184905299047343,0.008609542843094047,0.04556502145876566,3,15,0.5084745762711864,0.0031221752087487514
1110032027.avi,0.49463870719754427,0.06868587659191099,0.95,0.0,0.9782850265502929,0.029074204597806352,0.04162462209046192,0.9746690670649211,0.07510698093658177,0.006426678004939552,0.3427893664497121,0.02729588485844401,0.654123928909253,0.007736587618535039,0.01510904584615246,0.0688384568388291,4,22,0.5084745762711864,-0.015144047615872347
1110032043.avi,0.5267982441848263,0.009842933760680161,1.0,0.0,0.9852449367443721,0.006169127552655282,0.004815130812593168,0.9801233351230622,0.06941101398964128,0.0011580557272067346,0.3318854995109057,0.0034041953416849785,0.6593258694039928,0.004355968366125002,0.004600461762576635,0.012939463108755066,4,4,0.5084745762711864,-0.0017173702923404476
1813740111.avi,0.48611334121156796,0.009619894136744071,1.0,0.0,0.9855090419451396,0.002602393903192243,0.0027726091793117066,0.9904574766755104,0.11594171892867812,0.0016506557422264077,0.3183893563535954,0.008125529660704834,0.8850558945423918,0.013148482039472746,0.002995283510319208,0.0078007087976769,1,5,0.5084745762711864,-0.0001890803456484169
1813740112.avi,0.4875206299745936,0.007839568708465715,1.0,0.0,0.9850543181101481,0.004001590453879458,0.003510490863510273,0.9902121131618817,0.11571356272326495,0.0015316870199083132,0.32193941319418157,0.006177852320211156,0.885942695688054,0.01291595585328171,0.0030629233085339327,0.00635411004240036,2,4,0.5084745762711864,-0.00022803819619187987
1813740138.avi,0.48174378169654813,0.0038017877632778364,1.0,0.0,0.9863910039265951,0.0036360395003878416,0.0025498435071143926,0.9910330295562744,0.11098317387155861,0.001120610532120535,0.3383982096148565,0.006396418782327559,0.9340799070359267,0.01270550373539378,0.0026756097880420915,0.005728381402422018,3,4,0.5084745762711864,-0.00029252827779009715
1813740184.avi,0.4981589373359957,0.012209894491359612,1.0,0.0,0.9881758938233057,0.022028005910425433,0.09957827365891664,0.9915484368801117,0.0969958041414236,0.014414869012596592,0.37909517157115613,0.03715243317452145,0.8831134575765539,0.07088339886192965,0.009951696433325437,0.06825390087983656,4,7,0.5084745762711864,-0.005231433539779821
1813740185.avi,0.518978169918086,0.01681007899980343,1.0,0.0,0.9876933693885803,0.011299973179699954,0.048684311475940295,0.9910481780767441,0.10873941343818516,0.008013780843115697,0.33206013367805,0.06551888234525266,0.8410553836088318,0.03171015170317108,0.011202409486497275,0.07365269907546011,4,13,0.5084745762711864,-0.014527034349967412
2000481035.avi,0.5271822398659891,0.019041573474902276,1.0,0.0,0.972824697693189,0.022845193283856657,0.03420456518079943,0.9862987195452054,0.13652945942897982,0.007226080999964394,0.3604824128939821,0.02335393089304357,1.0047807283388839,0.023606027009725538,0.010945912991132213,0.04673716280452017,2,8,0.5084745762711864,0.006007634948446441
2000481036.avi,0.5116246850284212,0.030648705147627863,1.0,0.0,0.975998991727829,0.02404967525457551,0.022350016825020264,0.9869184071818987,0.12576800634464355,0.004186537426411266,0.3965501313360428,0.015152066515910726,0.9938503104432769,0.025104998251640212,0.013941806423248831,0.06414271972492049,5,6,0.5084745762711864,-0.012547781566236708
2000491062.avi,0.49023940608443123,0.002610487127901263,1.0,0.0,0.9641201118628184,0.004805257729405992,0.004143649234418014,0.9811844756205876,0.09504230444793885,0.0013952042920674136,0.485306131972336,0.0028877697205475783,0.9054318135508252,0.008242883012071947,0.005465795738288019,0.01893379600992009,5,5,0.5084745762711864,-0.00040838437154855356
2000491064.avi,0.49012064641472736,0.003748300550521792,1.0,0.0,0.9650151520967484,0.004109080973517883,0.006473257865936535,0.9813290496667226,0.1009576919959489,0.001914028275298146,0.46556051627583717,0.008185233583731577,0.8996744194184639,0.010228132243386654,0.0040992360868526085,0.014180618430844361,2,14,0.5084745762711864,0.0003028160866042967
2000491077.avi,0.49718928267075424,0.025254335937197243,1.0,0.0,0.960873473683993,0.021752477196708215,0.05854816825810979,0.9798218657573065,0.10168932000439841,0.017943490113416196,0.4603116825458711,0.054122645943370996,0.8821837852066995,0.017477962382749294,0.015465335374463571,0.07674029021316033,3,8,0.5084745762711864,-0.015366476383133987
2000501001.avi,0.5647703529381547,0.004813716559693724,1.0,0.0,0.9708649506171544,0.0071693874876039955,0.006722119073617027,0.9806771735350291,0.08706909944688494,0.0020470512284931357,0.5144603199835963,0.003380646177008659,1.0365619402671469,0.008715625833833781,0.009440552969463,0.023241923274545273,0,6,0.5084745762711864,-0.003977297223870179
2000501002.avi,0.5636445764731719,0.008081194491729792,1.0,0.0,0.9705243170261383,0.012035395133913697,0.009841200134730846,0.9805596008896827,0.08895866464160092,0.0028263407154178683,0.5090333966941084,0.007446976299819211,1.0372635505284906,0.011294018615590701,0.010721187281756034,0.06694520560387947,3,9,0.5084745762711864,0.0033241046807465507
2000501006.avi,0.5633254045106748,0.007615289237012817,1.0,0.0,0.9698876659075419,0.008334136963882757,0.007130180355157583,0.9799212674299876,0.08700991300282965,0.0028624661476074863,0.5188866571135536,0.01136554870372318,1.0362125048563857,0.009971984435935855,0.0115564740610718,0.03179425313836269,2,6,0.5084745762711864,-0.001966168237332965
2000501030.avi,0.5124407974124247,0.00624205863743689,1.0,0.0,0.9583498626947403,0.00536263410670774,0.004476793963763649,0.974012648065885,0.09596019305604896,0.0017409063106735873,0.49207272334925545,0.0032669674229043053,1.0419897620117864,0.0053995873821916385,0.004694011637018706,0.011711854263517622,2,6,0.5084745762711864,0.000905200157587575
2000502053.avi,0.5737378971689486,0.004713167342823208,1.0,0.0,0.974264086286227,0.0041907237085098015,0.0029787792519701804,0.9832874938845635,0.10252667558356085,0.0010883832257375682,0.5131689610373541,0.0031143200610134745,1.092165907344159,0.008250998560102257,0.004093786597501304,0.01674062377022362,2,8,0.5084745762711864,-0.0013121325610279655
2000502065.avi,0.48467750533754506,0.051566512785810835,1.0,0.0,0.974393097559611,0.04105130908866242,0.018464484634672602,0.9836118459701538,0.10692962456256266,0.007528454987242683,0.4931328329247447,0.03344967163484919,1.072305900052719,0.024959157631931086,0.007445077482132457,0.024320560191188754,3,6,0.5084745762711864,-0.0007904596559244565
2000502081.avi,0.5453095320208948,0.017900988414402002,1.0,0.0,0.9773154477278392,0.0294058161627398,0.00875008589784791,0.9830812379717827,0.08398529525472945,0.0029204300980515893,0.5444798105979718,0.007982678695066029,1.0649285641872637,0.01389964905459999,0.010983545440745621,0.032273223855432964,3,11,0.5084745762711864,-0.0016881393590860109
2000541001.avi,0.453390059583198,0.012591763540184818,1.0,0.0,0.9786481976509094,0.018406761413715705,0.025310679454039062,0.983654671907425,0.11361726800381108,0.005511672113048855,0.37552667587165034,0.013756659031702487,1.0144431110679628,0.018218281825560286,0.007966520118724235,0.03402705305793682,2,4,0.5084745762711864,-0.006352242253785547
2000541002.avi,0.4526625353753685,0.0051127558435000425,1.0,0.0,0.9796487788359324,0.003919796931177134,0.007179187616703657,0.9842882076899211,0.11848041279821772,0.002503240780893221,0.34309771884238505,0.007823344963735823,1.00014734162021,0.016301981146040954,0.004579866262329098,0.025526222401094725,2,4,0.5084745762711864,-0.0014773034329117348
205601011.avi,0.5194831146305665,0.0073929738456728995,1.0,0.0,0.9765553116798401,0.007442079982006989,0.00716779573899109,0.9892644519607227,0.11280714554005564,0.0023933961753448037,0.41435742896809763,0.006325876489714803,1.0172340220996134,0.011776617953172952,0.006095200295096714,0.024784685124405865,4,4,0.5084745762711864,0.002704059281943484
2056010112.avi,0.4903596775465307,0.005685160123699627,1.0,0.0,0.9642632047335307,0.00619600928638952,0.003068139276676571,0.9872300455967585,0.143477835854199,0.001686470125389319,0.3239030967186385,-1.0,1.039615032295601,-1.0,0.003489262452377943,0.012037798150334494,2,5,0.5084745762711864,0.00019300315780174798
2056010134.avi,0.4888708414945628,0.01884070535805949,1.0,-1.0,0.965453573067983,0.03345320561842244,0.04899485720680448,0.9881185447176297,0.1458621105333982,0.008846242482061782,-1.0,-1.0,-1.0,-1.0,0.007100645692406994,0.05220162658255074,3,4,0.5084745762711864,0.005790402218824043
2056010224.avi,0.5145830366459507,0.00447085827575273,1.0,0.0,0.9566851903994879,0.003358245770067874,0.003326576083153524,0.9870950117707252,0.16237253029479543,0.0013739725746145276,0.22527326847838297,-1.0,1.0909617463686072,-1.0,0.004935116333493216,0.011146968243513513,2,5,0.5084745762711864,0.0002204719348628103
2100511002.avi,0.4917206066329554,0.009060041452690865,1.0,0.0,0.9842752953370412,0.0038839213363742256,0.002440439134278324,0.9793907791376114,0.07061221983600098,0.0013906523651341172,0.2831716371311767,0.0025302993348660318,0.6148945744008375,0.002395849466584869,0.0024491433919078837,0.007613952058141545,4,6,0.5084745762711864,-0.0005708933504852826
2100511003.avi,0.48455750461871844,0.00626153394955688,1.0,0.0,0.9842589795589447,0.0043319825094506855,0.003919030784373684,0.9793813382585843,0.06806807512593673,0.001606031847897137,0.28881274401475665,0.0033860722091641733,0.6146970893846455,0.002237850448558665,0.0032379139263924214,0.009911062337463812,2,6,0.5084745762711864,-0.0006590502430716088
2100511069.avi,0.5104234680004488,0.004489906715008298,1.0,0.0,0.98359943429629,0.0025125483214722844,0.002757231405908576,0.9805195386211077,0.07402311587470183,0.001196057195524677,0.3245816987456027,0.0017947792430314002,0.6807581872437992,0.0021949359689803914,0.002496807784063136,0.01000943560608808,3,6,0.5084745762711864,-0.00022993518416600158
2100512051.avi,0.45888865150790503,0.028790635769077415,1.0,0.0,0.9875874946514765,0.04420938563032322,0.007160992703330149,0.9832953597108524,0.06520769290176058,0.002593955898634425,0.33735895939515276,0.004812911767283336,0.6740933004186187,0.008945498785083586,0.004917697033022363,0.025954083726355392,5,5,0.5084745762711864,0.0011840882599757699
2100512064.avi,0.5105818158088066,0.0039525897295663226,1.0,0.0,0.986792211731275,0.00128105429268005,0.001527647795828107,0.9830248226722081,0.05806961119944612,0.0005313421158510458,0.3647967900603947,0.0014090912843451459,0.681019092682588,0.002945053452392389,0.0018228034566429075,0.005443599871464826,3,9,0.5084745762711864,0.0004271469740115125
2100521002.avi,0.513783089204851,0.01838953042980872,1.0,0.0,0.9807854264974594,0.0101467784300521,0.009212655811060927,0.9761541465918223,0.06159799518521192,0.0020842325383317313,0.32453035760672105,0.008577470716325558,0.6012796462842588,0.0022907442227850143,0.0037036775286162726,0.014005133787881258,2,10,0.5084745762711864,-0.0008207615435426485
2100521005.avi,0.5090743201642898,0.004540211297649532,1.0,0.0,0.9809500724077225,0.0035381307509958107,0.004132446063536895,0.9761186227202415,0.06448560871713938,0.0011809148274311656,0.3130262512465817,0.00472387070176514,0.6001819855845122,0.002540502998981027,0.002626113682290574,0.0062038603474234375,1,5,0.5084745762711864,-0.00017319774188337498
2100521032.avi,0.5181058971633098,0.01183981475274267,1.0,0.0,0.9832311570644379,0.009761946237665568,0.012926253681702428,0.9780227288603782,0.057535664678069406,0.0039887741391266985,0.32778036576323455,0.008142951808504465,0.6050731779443772,0.003994483753461214,0.004562502858899012,0.016869349812052084,3,6,0.5084745762711864,-0.0021043208348743006
2100531001.avi,0.5170633496281182,0.005393040179368571,1.0,0.0,0.9695858299732208,0.004202478524161604,0.004658063360312502,0.9781314412752787,0.11021052432687935,0.0010777965602473529,0.33776289459275005,0.004894187789667206,0.9335037356305921,0.00375306664627244,0.004620865134803905,0.01991274977384506,4,9,0.5084745762711864,0.0019479924789550743
2100531002.avi,0.5176070883850417,0.0028241165570112945,1.0,0.0,0.9693097790082296,0.005085316941166088,0.004391929173090692,0.9776647026340167,0.11156001979510193,0.0015222471447749466,0.33163820000431016,0.0027504027464582822,0.9338960681069417,0.003323609209629562,0.004007358278155739,0.016262311901852736,4,8,0.5084745762711864,8.593158074087816e-05
2100531054.avi,0.5400950268383574,0.005739702527391723,1.0,0.0,0.9714299499988556,0.011379239581570751,0.007850569072882315,0.9785800044735272,0.10873213311663497,0.001550070163611651,0.33294889858829035,0.004720125760863441,0.9155709423234389,0.008140241622082087,0.008852322533279649,0.0332479485387912,2,9,0.5084745762711864,0.006196468667434717
2100532016.avi,0.5204302720882416,0.0035820036250113515,1.0,0.0,0.979978879292806,0.005303720295176844,0.0018819654973842846,0.9817184612154961,0.11486686850664288,0.0006885751651784006,0.3271481526011813,0.0034212129190564766,0.9552771156854697,0.0075998230874730725,0.0023213293945597495,0.008014360079566112,3,10,0.5084745762711864,-0.0010156979769200976
2100532022.avi,0.5345412850254256,0.028540856574102807,1.0,0.0,0.983461786309878,0.02840568320014278,0.06986660373874279,0.9818658322095871,0.0836273485455487,0.014548144331339524,0.30819399423075056,0.04458072171333188,0.7556318868536069,0.042743266293195935,0.022968342482731694,0.1594350592744748,3,14,0.5084745762711864,-0.006723204349510788
2100551002.avi,0.5079948612203461,0.004672696237988037,1.0,0.0,0.9891615509986877,0.0019297025861045893,0.0047891483287803875,0.988601592183113,0.08447112929051617,0.0023609087121432407,0.38552706168641104,0.002949184577827977,0.7864150629411095,0.0044919628106524,0.0021040701500458186,0.0066897528830734306,4,6,0.5084745762711864,0.00020860086899579262
2100551005.avi,0.5060986795616712,0.005323964841132902,1.0,0.0,0.9890971253315608,0.00257510454758134,0.003172297206153265,0.9883179113268852,0.08812658692582717,0.0016756582274485127,0.381188952848546,0.00243991782597309,0.7842401937310921,0.004214240240447257,0.0018044030582978477,0.0053526539650700766,4,7,0.5084745762711864,0.00019268890402276148
2100551010.avi,0.4997154346520789,0.003836035874580474,1.0,0.0,0.9903172830740611,0.0022435741099183777,0.002571908535722055,0.9883048221468925,0.1036788398886243,0.0011851178870443716,0.33323685649478796,0.003929927559011845,0.7893612668695204,0.007789350159627132,0.0018736358421633475,0.007362636272709525,2,5,0.5084745762711864,0.0007257483405407399
2100551032.avi,0.530204093021957,0.015402132584596814,1.0,0.0,0.9899731745322545,0.005289240422245471,0.016318360524213066,0.9890628819664319,0.07915223576858904,0.004521463647513946,0.3792129104433757,0.01127288318133682,0.762898400472398,0.0038594421220161245,0.002868351727242868,0.009515533406493346,3,8,0.5084745762711864,-0.0013967512383734294
2100551035.avi,0.5155446934290515,0.015756059922103643,1.0,0.0,0.9928772807121277,0.012836464335369942,0.027095487522578253,0.9914370372891426,0.08301465485169304,0.008376139977785,0.3850399830056189,0.019537610403553115,0.7815887130763737,0.010181512659116673,0.006194149111562668,0.01803079918067167,2,5,0.5084745762711864,0.0017877397235323503
2100551042.avi,0.526487983122737,0.0272544231798111,1.0,0.0,0.992514525850614,0.032261149463310324,0.031180487676943185,0.9915672083695729,0.08045280790994623,0.010672079139777357,0.3847359626171242,0.025747815509277565,0.7797594457402833,0.019026561567409065,0.01312902389303627,0.051692135673184675,3,11,0.5084745762711864,0.005884002307916941
2100552048.avi,0.5349504800503401,0.00319362703632536,1.0,0.0,0.9931750416755676,0.0018124184958398979,0.003669472618735744,0.9908915609121323,0.06972510278429035,0.0018548189305978779,0.40560027235881757,0.002871153895677028,0.7555616627543336,0.00297430896557374,0.0018489712088448343,0.009241577744143248,1,5,0.5084745762711864,-0.00010049169390931052
2100552063.avi,0.5513417117781798,0.007835947560039632,1.0,0.0,0.9927713563044865,0.0041243566928391645,0.006337472450513094,0.991749240954717,0.08394660880113718,0.0027037463706198086,0.39491001236803586,0.0047544451296609915,0.7900663255679274,0.009593095541140602,0.005110878783664029,0.011142173680862134,1,6,0.5084745762711864,-0.0018820950529395263
2100561006.avi,0.5692309425182986,0.006534220905864854,1.0,0.0,0.9756300995747248,0.0059464087611351205,0.006032748317528833,0.9792855242888133,0.11103889720989367,0.00172655934657829,0.4426682158773731,0.00430465846343385,0.8036849234193235,0.010412451674703038,0.006728853831632089,0.027917178184658577,2,11,0.5084745762711864,0.001413023426665291
2100561010.avi,0.5623537969662774,0.014130265513545294,1.0,0.0,0.9748109598954519,0.022233060362499984,0.03722087589878147,0.9791410744190217,0.10706680357388382,0.009240457597591819,0.4619303331399867,0.030224432256933817,0.8318618983315809,0.02193179947446197,0.011317366388820896,0.04858853342334629,5,11,0.5084745762711864,-0.005898994930838893
2100562019.avi,0.5542673730003057,0.004048825211661137,1.0,0.0,0.9739343494176864,0.002019905346715956,0.001596689467575462,0.9788802613814672,0.11140346741455058,0.0008978377753052332,0.44391291696968493,0.001478630377639549,0.8395013961604795,0.004075539223052483,0.0024620980691534553,0.008864343613794966,2,4,0.5084745762711864,-0.0005106735099719806
2100562024.avi,0.5723074965294471,0.00350092737607028,1.0,0.0,0.9745993981758754,0.0014472881519441952,0.0020947419697952205,0.9785566578308741,0.09972020395314121,0.0007805439089978696,0.47215575953209565,0.0016083584196809448,0.8332818264115581,0.006191068930447765,0.002253669018863571,0.009071529158602008,2,4,0.5084745762711864,-0.0007721782452454816
2100571001.avi,0.4722203847477882,0.025684830413213844,1.0,0.0,0.9627856840689977,0.017825485418088614,0.012242678079924987,0.9669412260254224,0.06678517635064422,0.004963885766801581,0.43480240863718617,0.018058495370885858,0.8179729824508372,0.006533850191432568,0.0049239044183508815,0.024618089510416965,4,8,0.5084745762711864,0.004500871748045666
2100571002.avi,0.4703200116080326,0.011326000390019653,1.0,0.0,0.9618625024954478,0.005405090803326035,0.005644692115403603,0.9665444205204646,0.06921932041046543,0.002534195985015011,0.4245009669307588,0.006498469956602267,0.8167685142939114,0.002091896514298068,0.0028869518846279542,0.009374613510467686,2,8,0.5084745762711864,-0.0007943855650678344
2100571007.avi,0.4706209588051813,0.005948607888799411,1.0,0.0,0.9787891248861949,0.0019209019797238583,0.0028287329287796713,0.9771102920174599,0.06438604816618627,0.0012970746397898498,0.4143598375811468,0.0021816485671811814,0.770141595608512,0.003228121982630865,0.0015711737365596314,0.006333776705330505,5,8,0.5084745762711864,-0.001226296086349408
2100571021.avi,0.483902211478887,0.0022594222699147486,1.0,0.0,0.975254104534785,0.0013055678063976063,0.002367948830778063,0.9745834742983183,0.07759657483543266,0.0012098284923696366,0.3680251337962605,0.0017229628676092158,0.7556436934549099,0.002041836686823421,0.0012427415841264706,0.003254701997313193,3,6,0.5084745762711864,3.268934179532536e-05
2100571023.avi,0.48604676199653946,0.0024064692814979587,1.0,0.0,0.9751247386137645,0.0014099424564330797,0.0009860853293752723,0.9744501411914825,0.07924370426242883,0.0005542773474504078,0.3629275845004613,0.0012432480353252767,0.7553365326580382,0.0019932519264295365,0.0012665585880461178,0.003520885942320429,1,4,0.5084745762711864,2.9142162113308034e-05
2100571038.avi,0.4795700101954836,0.007725568204578925,1.0,0.0,0.9806393365065257,0.005043267919689001,0.003576088367483061,0.977601540585359,0.06717243905886124,0.001101422081574049,0.38330402143283554,0.0036168002424291513,0.6950428572785738,0.0032437261595423387,0.0031407095892150277,0.021996822581679835,4,8,0.5084745762711864,0.0002364564047312094
2100571044.avi,0.4771060145466561,0.003397373382618949,1.0,0.0,0.9807961175839106,0.0026204850007539825,0.001588607055543673,0.9779103234410286,0.06392379489768706,0.000879984015472587,0.39173944868368726,0.0018352366874791462,0.696016101325407,0.0027088261572351426,0.0016356336078275945,0.0056687573943367195,4,7,0.5084745762711864,0.0005335498732279148
2100571049.avi,0.5069125174776213,0.008159179079643314,1.0,0.0,0.9787958929936091,0.0058220643359448345,0.00624111364172657,0.9757687891523044,0.05907784086650994,0.0016623097932723506,0.39564246507972994,0.0052212978760485486,0.6792739051530895,0.007231383963232332,0.007609664233481559,0.025272088948310605,2,5,0.5084745762711864,-0.0037404311807040487
2100571062.avi,0.47258797519319434,0.00748071429879611,1.0,0.0,0.978194831808408,0.005918908448902675,0.006249544076819682,0.9754189064105352,0.06916897783203073,0.0024736365136857077,0.3757795138159376,0.004853573153990573,0.6853659854182033,0.0042240371492367305,0.002782383772847929,0.007653151365131096,2,6,0.5084745762711864,-0.0014840510585189663
2100572021.avi,0.4851236080286146,0.0025781642700167338,1.0,0.0,0.9608191162347793,0.00153869093158228,0.002370552382609188,0.9677737663189571,0.07758435947965771,0.001088620281895603,0.4257017071568478,0.002420185093172368,0.849204216141995,0.0021514331975771785,0.001445283339690832,0.004945261570558332,2,5,0.5084745762711864,7.36565056492491e-06
2100572057.avi,0.4908406581758499,0.005169042328282376,1.0,0.0,0.9598425527413686,0.0037433875226471395,0.0013955902148931022,0.9667803118626277,0.08022342620418871,0.0007885696298508877,0.42924680711383895,0.0016294141381603129,0.8427014804290612,0.0020874644888083035,0.0017999798237713302,0.00661041223855384,4,7,0.5084745762711864,-1.2612097147385141e-05
2100581001.avi,0.47376417344765237,0.0258204107565602,1.0,0.0,0.986722253759702,0.08448901267769639,0.0954309461124501,0.9836073145270348,0.07603472045314115,0.0038613243748966955,0.3499841237033722,0.04365074657748301,0.7512177125882843,0.042288516773786894,0.018596937556704773,0.05207075061489137,3,14,0.5084745762711864,0.01613032563222758
2100581002.avi,0.5042111589285148,0.004915327835744728,1.0,0.0,0.9811377276976904,0.012179817840970043,0.010855737568314412,0.9793123836318652,0.08319707537191848,0.0010869046104797176,0.39818581381365464,0.006969784475679166,0.7944981334948907,0.008742171870309219,0.003441062091292927,0.014258120319196325,3,11,0.5084745762711864,-0.0007251285113796429
2100581021.avi,0.5145355709675928,0.0034079346884425335,1.0,0.0,0.9759174029032389,0.0033260804602914936,0.0025941086217482912,0.9761115983128548,0.07610888395045062,0.001097733717278429,0.40719058818123277,0.0026226834884539967,0.7989232768139344,0.007949869090389371,0.002991239123849905,0.014466926092263986,5,8,0.5084745762711864,-0.00014578950262310927
2100582027.avi,0.49029460705842554,0.003962715313920251,1.0,0.0,0.9715996831655502,0.031226576409292005,0.03853113971968408,0.9733294000228246,0.09114237637035752,0.001779686126363791,0.3954795959593575,0.0054740774846128906,0.8324225632592225,0.006981709039369692,0.0140752319397825,0.04010950688926468,1,8,0.5084745762711864,-0.001794271434648607
2100582052.avi,0.4629589494330165,0.005274526483313869,1.0,0.0,0.9771977762381235,0.01414999343635538,0.014362473846346849,0.9768313407897949,0.09284852183193454,0.002012960693532809,0.3851857400898703,0.00667793674463206,0.8530468840673187,0.0105349478380269,0.00837472493137526,0.02493380616377194,3,7,0.5084745762711864,-0.0024800868904621097
2100582055.avi,0.45696645661672775,0.005725205602532034,1.0,0.0,0.9776263068119685,0.024536806469805033,0.024588293175660095,0.9768566941221555,0.09407740805897162,0.0017856321721779337,0.38390139398997003,0.010542191766439826,0.851918453476446,0.012562842642056652,0.01009970549211651,0.030746945769516986,3,6,0.5084745762711864,0.0015771467851754643
2100582056.avi,0.4771709233180254,0.021121461386691222,1.0,0.0,0.9783332109451294,0.017150068655557033,0.06612516812325223,0.9779207333922386,0.0822582486167752,0.014504331421365214,0.4223872524071849,0.044235855981923644,0.8564515483598839,0.009294686271795255,0.012643483094037872,0.042422637202942585,3,7,0.5084745762711864,0.010781530294710405
2100582057.avi,0.5027248318829124,0.02055437124659022,1.0,0.0,0.9775302280982335,0.018844547764365165,0.022687927061144173,0.9779916067918142,0.07049671398462819,0.0035551535089470504,0.4559824966645771,0.018245585345349494,0.8608042204368318,0.016676341499940177,0.012698696607080649,0.032154855566445296,3,5,0.5084745762711864,-0.0034976716069379625
2100582058.avi,0.5122244384865208,0.01787872137066039,1.0,0.0,0.9787398229042689,0.019214516367380082,0.021578416533525074,0.9788236786921819,0.06652773323587936,0.0029892675713841235,0.4712600311146104,0.016795803738253654,0.8634123161129977,0.01587439829316428,0.00925091679704946,0.025284478119185938,1,4,0.5084745762711864,-2.0079065184456027e-05
2100582060.avi,0.49455360389638653,0.008529794282243057,1.0,0.0,0.9771664599577586,0.025472375612573248,0.02694771029356433,0.977926888068517,0.07048194431019487,0.002945678724161255,0.45707299129423673,0.010462063958519905,0.866648955117422,0.015596645145647956,0.01493770741054913,0.033520565346838026,3,6,0.5084745762711864,0.005421775749301539
2100582061.avi,0.49603425767977005,0.010630322406165321,1.0,0.0,0.9797404845555623,0.024512000785775607,0.02671544545383268,0.9793692866961161,0.06562200465299169,0.004033690578034722,0.4800366275272113,0.019196954862053958,0.8649387572925746,0.01306337709519616,0.01927145964521954,0.034793076368064384,1,4,0.5084745762711864,0.001987925985382867
2100582062.avi,0.470218792840104,0.014989332698641259,1.0,0.0,0.9794469008843104,0.02365342804890717,0.03258445086803714,0.9788010224699975,0.0680430861131216,0.00429897969438038,0.47203321889558253,0.018629178636458087,0.8604554533413342,0.012701294335497514,0.02335199665321894,0.04049117745187299,2,5,0.5084745762711864,0.000999081855231232
2100591002.avi,0.49367213592930326,0.025992906387779527,1.0,0.0,0.9822691927353541,0.02020869375635353,0.015985875665493022,0.9797285358111064,0.07705552989467289,0.0035713599377292667,0.38987280385101336,0.013158332252368002,0.7148620117183524,0.002917090658938232,0.004185296808182655,0.043149184066861294,2,6,0.5084745762711864,0.004075426765449489
2100591003.avi,0.4808742970604813,0.00840478507510493,1.0,0.0,0.9823734164237976,0.0047642049661376544,0.006351631109861296,0.9799638067682584,0.0778046463042225,0.0013265376266341162,0.3908864992942631,0.005067458702346012,0.7197151933939767,0.002609854586807545,0.0028552858864313076,0.010701404339016939,6,6,0.5084745762711864,-0.000570250464360776
2100591046.avi,0.508188341106828,0.005948893691661712,1.0,0.0,0.993357049425443,0.0034776191514980697,0.002037636675151237,0.989355439444383,0.0740044492786959,0.0009379380334281152,0.3313946217568047,0.0035613845414949508,0.7141809888523499,0.005294872848945618,0.0034747272495309974,0.008866458541687683,2,6,0.5084745762711864,-0.0003428542283019759
2100601001.avi,0.5177570241110682,0.0035165175444106245,1.0,0.0,0.9826232006152471,0.006652297558653346,0.0074607328307269545,0.9869479989012082,0.10395758554671479,0.0014211062261469919,0.32253766625291636,0.004726043877378445,0.9319824332828246,0.004689435585385865,0.00360719740263696,0.013251099234822972,2,7,0.5084745762711864,0.0012198185660663085
2100601002.avi,0.5133866458384727,0.00622568383418746,1.0,0.0,0.9827200829982757,0.00499698542727683,0.010293688079288548,0.9870297561089197,0.10421007839045936,0.0022893445201032864,0.3208645591105659,0.005458894630222117,0.9354711899528662,0.0067705465943985466,0.002938631205519475,0.008393937074286338,3,5,0.5084745762711864,-0.0012886388227658476
2100601012.avi,0.4994052334602031,0.003546912704929655,1.0,0.0,0.982693346341451,0.002560098356846729,0.0021254420854213336,0.9871048877636591,0.1063995780295819,0.0008806241661600784,0.30761411405144956,0.0015585910603845424,0.9390299577499045,0.0035800648325304096,0.0017336701488033352,0.005685295048667013,3,5,0.5084745762711864,-0.00024053493886676183
2100601018.avi,0.5052123361028508,0.0042502694220355524,1.0,0.0,0.9816563884417217,0.004037097512338694,0.0038324900492782304,0.9866020763913791,0.11182330486563244,0.0006234781680247122,0.2833687879095372,0.003750615596356934,0.9439108070525304,0.003922878968978025,0.002164198319038062,0.005067478477346661,3,8,0.5084745762711864,-0.0001502397411541354
2100602041.avi,0.5036802160993262,0.027823106534652656,1.0,0.0,0.9848740925391515,0.0590766560654385,0.09771429826255705,0.9832574233412743,0.0718484479562785,0.009776603666120874,0.37703191437549755,0.04702798505130542,0.8732647298503162,0.04411509396567869,0.022900149115475315,0.1676715557201186,2,20,0.5084745762711864,-0.02328758871773099
2100611002.avi,0.5142139305520551,0.004531805447621045,1.0,0.0,0.978611480196317,0.0029445249271947936,0.0037050004438397496,0.9837903579076132,0.09476216330288684,0.0010360018897408222,0.39182426340461174,0.0038699275056394296,0.8978251171309181,0.0027255078120725085,0.0028287856175747885,0.00797058897645116,1,5,0.5084745762711864,-0.0008184999323329993
2100611003.avi,0.5007310899305554,0.01367704019932137,1.0,0.0,0.979136414329211,0.011980920214568954,0.004512633686153983,0.9839321225881577,0.09348163235330612,0.0013883127963388452,0.3973704375168999,0.004004136721663206,0.8959295661545748,0.003004279668439197,0.0037958952536222453,0.021606323121918673,2,7,0.5084745762711864,-0.00048214931650165764
2100611027.avi,0.5016155957834952,0.0033317307378163226,1.0,0.0,0.9788073738416035,0.0032728500158456476,0.0033261556117534646,0.9832939262191455,0.09102737522376157,0.0011021334842596915,0.40068860138147755,0.0024820865291676035,0.8856962915908625,0.006501681472204692,0.002905776687333183,0.009501585619135956,2,5,0.5084745762711864,-1.3838012451146842e-05
2100612009.avi,0.4883250537467784,0.002431397872033991,1.0,0.0,0.9841537932554881,0.0032074600475425984,0.00360690342009435,0.9896523952484131,0.12005015508367033,0.0010539704313500952,0.3408659551747609,0.002546383014660409,0.9478481032961977,0.005444823458045721,0.0027491143943053162,0.007332462456551889,4,7,0.5084745762711864,-0.0004098290853774152
2260510110.avi,0.503034431230833,0.008570129846011095,1.0,0.0,0.9888694226741791,0.005692487478820112,0.004469561365176818,0.9923535784085592,0.13207911216614576,0.0021310899127647124,0.17628099394823443,0.01061311648608303,0.8923259683307382,0.012565199139943237,0.0044023750003876275,0.011318230289857427,2,5,0.5084745762711864,-0.001282364988431291
2260510113.avi,0.5404333734545806,0.006455468132387403,1.0,0.0,0.9881476809581121,0.004430089477554661,0.0032881470521465917,0.9921298618117969,0.13527391480684997,0.002456643224366701,0.2000922172044696,0.01409190553616843,0.9268799757700499,0.016474607725671536,0.005303165951789608,0.015137492411307473,4,7,0.5084745762711864,6.377848598209789e-05
2260510155.avi,0.4359492646097835,0.03765211030805969,1.0,0.0,0.993039138118426,0.046662132807276074,0.022580054095954517,0.9940306375424067,0.12115034318234615,0.006689804173634978,0.35467810927412285,0.0428973067999225,0.8489515991378653,0.02685345703209133,0.01153536836573802,0.05364554265114375,3,12,0.5084745762711864,-0.004848202918008353
2260510163.avi,0.4715651790963336,0.005788624990113461,1.0,0.0,0.988524122039477,0.0031004922323586903,0.003087050802961492,0.9919113114476203,0.13282635693761238,0.002428479727820793,0.33254324202029717,0.015222690397154345,0.7817981239652363,0.02136674340397209,0.003308870330987427,0.010655937449568598,2,5,0.5084745762711864,0.0007325920534276722
2260510177.avi,0.40048987810284936,0.10716660051770392,0.7627118644067796,0.0,0.9932070771853129,0.05456296727286152,0.03343949244801333,0.9928007364273072,0.10956043080221814,0.008044473917560302,0.29207437439693956,0.027234754449757505,0.8391813790581023,0.017610509935625115,0.010993808906155554,0.04358859216394193,3,9,0.5084745762711864,-0.013907837132548156
240846010.avi,0.4464855775539437,0.038229817437635705,1.0,0.0,0.9912820647160212,0.03125749167080347,0.06231178444818677,0.9892626280585924,0.09350699824586964,0.0057053437710603404,0.31991087334882456,0.03274408147846164,0.7155951413081793,0.04056163133369459,0.014856506124032125,0.13583298457883278,3,15,0.5084745762711864,0.012819553211783507
240846011.avi,0.4223465625553029,0.013165215322863001,1.0,0.0,0.9891982386509578,0.02420725758255235,0.01916701740196279,0.9871141458551089,0.10082446904117184,0.0071455744044511445,0.3286451353826407,0.012888282525764743,0.7508939473415375,0.022868783684255885,0.009271488940298443,0.03942192377126209,4,8,0.5084745762711864,0.0061756344854519436
2408460118.avi,0.4271465346147623,0.0050943650183530986,1.0,0.0,0.9847863892714183,0.0029105083004691223,0.0027255684522302292,0.9841105366746584,0.09794457099535718,0.0013456730946150488,0.325815553018233,0.0021273397140609746,0.6968654319120696,0.003783905465056389,0.002434164774151584,0.006119366619812671,1,7,0.5084745762711864,0.00021325607103979361
2408460137.avi,0.36979274541345686,0.008705793216183552,1.0,0.0,0.9929494321346283,0.009127563202185614,0.0146540516673723,0.9881775985161464,0.07771679997002957,0.004044848781392392,0.36905116495954654,0.014199871273503256,0.6967163759370183,0.004931736219108349,0.005100811921815858,0.04502707179666346,2,6,0.5084745762711864,-0.0028390428076226163
3100621001.avi,0.5729035360755886,0.017472336944724227,1.0,0.0,0.9835481276114781,0.14693364981322268,0.07986153869503716,0.9798357466856639,0.08889557019841442,0.005139326023198594,0.3811903825592899,0.01646855901079293,0.8498518845157802,0.029661833296639645,0.029765543571653248,0.18376045299168678,2,10,0.5084745762711864,-0.027076969995886158
3100621002.avi,0.5516073275043476,0.023694206035314486,1.0,0.0,0.9766664783159892,0.2011149320246801,0.05372479979545894,0.9774224723378817,0.08674395574987821,0.011149509128287686,0.4282540791773579,0.036431316519322784,0.9062545842264391,0.028771558265076387,0.025806888501151325,0.15518436807690902,4,12,0.5084745762711864,-0.005500622904673326
3100621037.avi,0.4942394622838925,0.006809836009206802,1.0,0.0,0.9687452107667923,0.00392450821524866,0.0051944604420230455,0.9745000953475634,0.09155164126768002,0.000982094832830854,0.44488275830182306,0.002690462150156751,0.9706341183444098,0.003805527807763114,0.0038007255171114904,0.011341190829545883,2,6,0.5084745762711864,0.0006222414425512035
3100631001.avi,0.4914580011837877,0.029671568604631188,1.0,0.0,0.9939237842957179,0.019059095381267665,0.01686489444952165,0.9921596785386403,0.09310265614339516,0.003813167403020165,0.2845585128177,0.024157037961996582,0.7023002352048799,0.02984562350076566,0.010400948075162108,0.08988955087342934,2,5,0.5084745762711864,-0.008895341363402046
3100631002.avi,0.47784900696241767,0.009887831697628371,1.0,0.0,0.9938155710697174,0.008446559612483116,0.0061527052411771005,0.9916099851330121,0.09552564475847337,0.0018511508989794024,0.2820103136368091,0.008152839805598954,0.7056740925353737,0.005864816517586184,0.006577915397608311,0.026977829013704956,3,15,0.5084745762711864,0.0019579765916782907
3100641002.avi,0.5208037957777614,0.026447458985133305,1.0,0.0,0.9922611484924952,0.023902680905779364,0.012373112039581899,0.9930714294314384,0.07652185684743894,0.0023756628009070115,0.3483661899119665,0.014982007007009425,0.6886924696088387,0.02675224916823241,0.01388236415958443,0.10795800411340634,2,7,0.5084745762711864,-0.011625523647949807
3100641003.avi,0.48166406313536414,0.04095071868470319,1.0,0.0,0.9924853106339773,0.04040353386078844,0.012492117872938932,0.9936587130029996,0.07757825689888713,0.005708398154160124,0.34394241985740537,0.013005965897259834,0.6868312799842752,0.01596043274987409,0.017157652151924056,0.11512824670081157,3,10,0.5084745762711864,-0.00600919286761388
3100641004.avi,0.39317497440862964,0.041011715416678016,0.95,0.0,0.9922638138135275,0.030296242825421954,0.007389520845147678,0.9930855631828308,0.0794735884828961,0.0032290823006507355,0.33103329385338626,0.013448894783812091,0.700083494629796,0.013600889845096213,0.011653902215868962,0.027074590058842572,2,9,0.5084745762711864,-0.0026119170087477075
3100641006.avi,0.47415024476017636,0.06550079605995392,1.0,0.0,0.9926687151193618,0.05583320502658,0.009350092012415729,0.9935112898548444,0.07149275453431517,0.0023476152219731794,0.36655925864647226,0.009430607062410546,0.7054408832160325,0.018958504661962118,0.017210971632809526,0.08085517384697379,4,6,0.5084745762711864,0.007301505917452062
3100641023.avi,0.4888370916208353,0.012979892456824276,1.0,0.0,0.9890576660633087,0.009681651334663727,0.008962952785835936,0.9919019877910614,0.09761867727761706,0.0027091563730903233,0.2728348875260574,0.014546499642962979,0.6970208190866789,0.011643626421115992,0.007741650164917653,0.046062026230736956,2,5,0.5084745762711864,-0.0041072258944420985
3100642007.avi,0.4633009459962704,0.016156248704040508,1.0,0.0,0.9923933704694112,0.007124377146099601,0.006462293263954793,0.9939004515608152,0.07788872314675364,0.0022652873211811415,0.3519360829589818,0.0106454254286045,0.7001660193211607,0.014621582033422476,0.006506080693645778,0.018588777077632086,2,8,0.5084745762711864,-0.000999055709497705
3100642017.avi,0.4476818499192754,0.041039398094761544,1.0,0.0,0.9913703242937724,0.07611538249127747,0.03568387451224217,0.9924107968807221,0.07872378595780673,0.004008200547920431,0.3237980619063364,0.016577209283231926,0.6723884706624571,0.026312067495023992,0.01880233966307721,0.13013438372384084,3,9,0.5084745762711864,0.021944400221424246
3100642036.avi,0.47310574817016965,0.01249006697794507,1.0,0.0,0.9926596581935883,0.011237731330821968,0.0057086785174582065,0.9928477237621943,0.06310682116714703,0.0021895960463635365,0.3305967210909599,0.005042805755244016,0.6112569730616838,0.00945693530913836,0.012471422340432338,0.035672134442006065,2,4,0.5084745762711864,-0.001014276985758367
3100642055.avi,0.4900702604959709,0.008269542733882534,1.0,0.0,0.9932690074046453,0.004883551251551075,0.0030792354470691435,0.9930615956584613,0.05305802899359057,0.0014117841247849993,0.36190452616391905,0.002726830434202389,0.627845806241064,0.0036473717047005743,0.004441953343091572,0.015650391401694882,3,7,0.5084745762711864,0.002182627632257193
3100661002.avi,0.4565287419437831,0.046083548119181875,0.9833333333333333,0.0,0.987831195195516,0.022231730992680304,0.007345860629717271,0.9814635738730431,0.08550535129190069,0.0024342727776869625,0.43620189822084304,0.00913791713769496,0.8075602817644438,0.03346258482181486,0.009968597724340885,0.08050304731770624,2,8,0.5084745762711864,0.006142387014354639
3100661007.avi,0.5343562327390272,0.005572705291061537,1.0,0.0,0.9854441245396932,0.005690674373489073,0.00477589024723192,0.9848753184080123,0.09022873009455143,0.0020887243491821595,0.41450048709244774,0.004524733693728123,0.8302277121127037,0.008760678991901668,0.006929268898272708,0.023395881953047336,3,7,0.5084745762711864,-0.0019659219483518786
3100662037.avi,0.4823422022730891,0.03373786708689952,1.0,0.0,0.9846766998370489,0.019843737147130877,0.014680770430000194,0.9828498616814614,0.08249160655693787,0.002971434561214365,0.44164806982010074,0.010006613105919491,0.8284233892264281,0.02144320806101801,0.009128802231528807,0.07429718819506509,1,7,0.5084745762711864,-0.0037707524245063203
3100681001.avi,0.5213741746451547,0.023348463498526605,1.0,0.0,0.9899373441934586,0.03837396062125285,0.0278421484054947,0.9933626249432563,0.11234489551483014,0.005388047232075321,0.2803316772603546,0.02153634867699037,0.9599831950015976,0.013870108963306961,0.015007172838292728,0.09425388966874274,2,11,0.5084745762711864,0.004929970832511347
3100681002.avi,0.4891096030909787,0.014448964945965703,1.0,0.0,0.9895875404278437,0.01657319635425605,0.010224925196076493,0.9931936368346215,0.11993853741161539,0.001976764923618326,0.26498520417658117,0.008714409690538506,0.9657716101465007,0.008042865555899068,0.006249821077381611,0.015283157741068141,2,6,0.5084745762711864,-0.002317097396335092
3100681015.avi,0.4041645831218602,0.004848707981666445,1.0,0.0,0.9919914245605469,0.007033997025818133,0.00682100370555791,0.9915075461069743,0.09577621031991639,0.001500848157850555,0.31849386665644575,0.006261721635576442,0.8894472956581646,0.014622741705867389,0.00492511282124287,0.014661609507821239,3,4,0.5084745762711864,-0.00025429029574137747
3100681017.avi,0.4201304356415983,0.020974621150355834,1.0,0.0,0.9920151501893997,0.01512233781206253,0.019187320146730896,0.9919232984383901,0.09945974081401673,0.004778046891972924,0.31394453044983195,0.013016383341598539,0.8942724273620691,0.02109260603922657,0.008534720228607861,0.04319383505376621,3,4,0.5084745762711864,0.005167757432495309
3100681018.avi,0.42359428180502917,0.010217099828484493,1.0,0.0,0.991738552848498,0.017454912924144136,0.017184638582917994,0.9921638314922651,0.11095507566417465,0.0052339943008401025,0.29872001552175403,0.012605073410732236,0.9114823030250501,0.03411384364815708,0.007802810767590904,0.032331433863010614,2,7,0.5084745762711864,0.003140583238251662
3100681042.avi,0.4332861619855262,0.030508108199668538,1.0,0.0,0.9909124751885732,0.02805922529890249,0.04017992056330973,0.9927709554632504,0.10584201609650937,0.007856359844460304,0.28859839379127106,0.02647783156168659,0.9503852698648372,0.015362143398102098,0.012831162082935357,0.06174400482276776,5,16,0.5084745762711864,0.001854562933171655
3100691005.avi,0.3773585752448886,0.031269669710977874,1.0,0.0,0.9769785434007645,0.023534832850711104,0.009264835050927058,0.981747301419576,0.10312347869936904,0.002979942219252162,0.3743591317666054,0.009490890272247537,0.6549736456573082,0.016743295049929836,0.01304824934271172,0.06658878665502527,3,5,0.5084745762711864,-0.006000204961298397
3100691006.avi,0.369044603630626,0.03301574943855842,0.9833333333333333,0.0,0.973979647954305,0.023611229584023993,0.014341526669355294,0.9799039746324222,0.107560370916034,0.0034941436522061206,0.36487155615575784,0.008908209661857822,0.6666285951610191,0.018855029984567243,0.016731712407392338,0.05390167209447799,3,9,0.5084745762711864,-0.010817262115741594
3100692015.avi,0.48950509239716233,0.06762980539064338,1.0,0.0,0.9670858671267827,0.08159510720299563,0.022541766919125666,0.9723320280512174,0.09351131860262017,0.004331490183416911,0.44068860260976794,0.009506688218120774,0.9200545253149297,0.010950802071400277,0.015096661876555405,0.050158256316083824,3,7,0.5084745762711864,0.001341475956173014
3100701001.avi,0.569302917499395,0.01942431785856489,1.0,0.0,0.9932219525178273,0.00810436677790685,0.0029441640684675727,0.9881161550680796,0.06295501375779652,0.0014422750428282978,0.3310745626904236,0.0032375282497243605,0.6756102669414984,0.007604563745407305,0.004449487969957477,0.018539681205449614,4,13,0.5084745762711864,-0.001454172458027907
3100701002.avi,0.5495043485798958,0.02306590405660999,1.0,0.0,0.9933774520953497,0.004487543412875484,0.0027047365234690616,0.9882656926910083,0.06205493995568191,0.001903356793119231,0.32835470723128585,0.004928104409773113,0.6667889187938346,0.003903410190515649,0.002945514138744655,0.010756548709239006,4,9,0.5084745762711864,0.0002705648413163361
3100701010.avi,0.5887573521430091,0.01351822063441898,1.0,0.0,0.9914245535929997,0.0064409981393846625,0.0030476477769466846,0.9863169168432554,0.06052060837385414,0.0016550460210908113,0.37346610209385195,0.004372281367097136,0.7192029192836152,0.004237943538857136,0.0038607791213092968,0.013399377671961676,2,7,0.5084745762711864,0.00016722047831876658
3100701023.avi,0.4694203779733449,0.006870306738821233,1.0,0.0,0.9951525857051213,0.007968467065693772,0.002992942529736747,0.9893061141173045,0.055485600416569754,0.001494357586230884,0.3877051716641705,0.006355867998913287,0.6904196922585686,0.01714752072712642,0.0047743188246219155,0.012252427917081317,4,8,0.5084745762711864,0.0015162688405229068
3100702038.avi,0.5719951735889874,0.0071297218475009135,1.0,0.0,0.9914502163728078,0.0033683024435166645,0.003384604646226883,0.9874208430449168,0.0561361949532581,0.002220245899139674,0.33694577536483067,0.004325316695898014,0.6882699117522372,0.008056962346938824,0.0035932641964296725,0.009348070474435432,3,6,0.5084745762711864,0.00049949826713158
3100711007.avi,0.4966843354681638,0.009783095843783072,1.0,0.0,0.9894645859797796,0.01029949339752489,0.009271840534830982,0.9840046972036361,0.09780400445151509,0.0033578994380015935,0.34800732588157224,0.027853938309578594,0.9037918890146316,0.021397713422597282,0.006779987902042117,0.023520110204001115,4,4,0.5084745762711864,-0.003263880167377153
3100711009.avi,0.5152856228265181,0.004753246904389177,1.0,0.0,0.9873247096935908,0.008827878666920051,0.008119661516052555,0.9828110163410505,0.09412966267021226,0.0026037251845461907,0.31846360326503215,0.009833136950041092,0.9175251058971028,0.027308013767310166,0.008410440941154841,0.0351725042449362,5,7,0.5084745762711864,0.0005698770136297777
3100721002.avi,0.5371364933634609,0.017923966129544333,1.0,0.0,0.9886328438917796,0.02461709321095347,0.05073925180644916,0.9849513490994771,0.08299247994647417,0.011050909345561839,0.28439874788868763,0.020424649479226908,0.6450263859237562,0.03643930141157303,0.008583931687365577,0.037835192216279456,5,15,0.5084745762711864,-0.0033305095668236693
3100721003.avi,0.5393748464591519,0.004126553001235537,1.0,0.0,0.9890045007069905,0.0018988648336187922,0.002381241586524181,0.9859509219725927,0.09417180800424473,0.0006576569349323683,0.2619503462427188,0.0028246215841755793,0.6733202299909312,0.00329452723827332,0.00196206942030606,0.007067649489020405,2,5,0.5084745762711864,9.86720795950731e-05
3100721031.avi,0.5097734335894172,0.007540560314669589,1.0,0.0,0.9929470876852672,0.006543088117657638,0.008197411713493415,0.9910372644662857,0.0929337112637175,0.0021277559598866904,0.1835684495069599,0.008592136753554854,0.6842383500050793,0.008217499833539118,0.003659202867546772,0.017852556787142267,4,6,0.5084745762711864,0.0024221275327387993
3100731001.avi,0.4959898903357218,0.01217179205269894,1.0,0.0,0.9796946883201599,0.010814813546483263,0.008237171394154828,0.980654829243819,0.09919481317224207,0.002741206122489098,0.3294419379693786,0.005832496071906813,0.8291479458157897,0.013147977991780873,0.0066608858872847475,0.017503484944395475,3,10,0.5084745762711864,-0.003206301680111619
3100731006.avi,0.5127803485571939,0.021285967933285632,1.0,0.0,0.9800741712252299,0.031151043490321863,0.010526219486990321,0.9793652012944222,0.09757225534075423,0.003082450768291604,0.35402454650252874,0.009626969267230404,0.8527412365591688,0.01388336768814511,0.00879301629365444,0.03470511394045045,4,8,0.5084745762711864,0.000425702342800139
3100741001.avi,0.46000803994845607,0.011741241974504157,1.0,0.0,0.9882167647282283,0.003896724455988807,0.01120331372457417,0.9844782640536626,0.06578857917982982,0.0031962738567075126,0.35185348324423116,0.012980336208152995,0.7386485467902217,0.00520993345998001,0.003620580761064758,0.008541737411473998,2,8,0.5084745762711864,-0.0018795047362788263
3100741002.avi,0.46455263065254115,0.0062091397808096615,1.0,0.0,0.9870072454214096,0.004067293852827768,0.0071859662991117425,0.9834558094541231,0.06680208259609595,0.0026245312795860495,0.34807577092660086,0.006029212953569948,0.7393270271491303,0.0027167108908223007,0.003005084623796867,0.0065338861267034325,3,6,0.5084745762711864,8.870259827069337e-05
3100741066.avi,0.4512833006760629,0.00803293542657451,1.0,0.0,0.991717525323232,0.005603368847753469,0.010012183014479158,0.9868951817353566,0.07013352165587451,0.0029856857337278294,0.3421361444834725,0.008953874619539318,0.762241736933788,0.006226991678663559,0.0038948737502439816,0.018922022584708997,5,14,0.5084745762711864,0.0022439725940460852
3100742058.avi,0.5154792460929677,0.009805209549171938,1.0,0.0,0.9956266015768052,0.013302993031562387,0.029893818803158268,0.9951009710629781,0.06164492330933576,0.010530471219456,0.3489316905075066,0.03472018873352244,0.8285695728125222,0.008329474186236498,0.005310771566808772,0.03595348876244741,3,6,0.5084745762711864,-0.005575823571365899
3100751003.avi,0.5023845571395428,0.00539849333998596,1.0,0.0,0.9745346864064535,0.003938023886331202,0.0014278656290172879,0.9694197162985801,0.05973129504060819,0.0008647935098848859,0.31420534982149184,0.001484755123794031,0.6081911545903986,0.0025496839855285534,0.0015474064231112696,0.004636923292992867,3,6,0.5084745762711864,-0.0003268480577459207
3100751004.avi,0.49744255620755023,0.0061370345838641285,1.0,0.0,0.9742631793022156,0.003001791773251254,0.0012221153039644597,0.9687846601009369,0.05834102385937193,0.0008052232553454951,0.31646642375203105,0.0018974733717732823,0.6064502796201665,0.002855289712123534,0.0019363912508163542,0.01330332016838491,2,3,0.5084745762711864,0.0007470334658471372
3100751006.avi,0.4855064555754209,0.007707223694074588,1.0,0.0,0.9774973591168722,0.0030404955354942347,0.0015306901459177008,0.9721752569079399,0.05800689607511435,0.0007627005820167699,0.31433674778493237,0.0032335891227131403,0.6054190284024913,0.002924778471665015,0.002531813237744281,0.011525347986661348,6,10,0.5084745762711864,0.00041974221467439574
3100751007.avi,0.4826183143454573,0.008191358231918624,1.0,0.0,0.97750150958697,0.003342989137707907,0.0013642628989128758,0.9718420460820199,0.05931862996133473,0.0006312758572526957,0.3099509076876969,0.0026783868473777795,0.6048558974090331,0.002622948369150135,0.0030148384177929024,0.012286580107908576,5,4,0.5084745762711864,-0.00024465930970100436
3100751008.avi,0.48609686824554554,0.008845285851626835,1.0,0.0,0.9767884929974874,0.005200294307369275,0.0017120579323047728,0.9710906619826952,0.059350876850028156,0.0006875891388440782,0.31102618596850473,0.0028416958014696528,0.6049468181629453,0.0030187817251782125,0.0031345087932918682,0.013118045721190389,4,9,0.5084745762711864,0.00110672073928745
3100751010.avi,0.5040115167921139,0.02609108395294782,1.0,0.0,0.9782761653264364,0.011051115246716498,0.0033202024032098656,0.9729565118749937,0.05953364562144663,0.0013935587902987666,0.315337383852964,0.004461585294229711,0.6137217355043133,0.00977889574044859,0.004655627703139904,0.029956667419431305,1,14,0.5084745762711864,0.0025327628031798504
3100751012.avi,0.5338654274072605,0.019427993109008203,1.0,0.0,0.9836164246002833,0.03644257050772545,0.05769551050352766,0.9786128545800845,0.06377464359255701,0.008065672371630424,0.3061712126522173,0.04746895501676486,0.6362401604337353,0.01323317312395425,0.009427576590752974,0.10498745833708971,4,7,0.5084745762711864,0.011709462394141553
3100751019.avi,0.5604483994985637,0.008035917024243213,1.0,0.0,0.9894923786322276,0.0017236282611961548,0.0019245162914127917,0.9850521117448807,0.06875296485984055,0.0010300459912113832,0.2945210864451126,0.0027288913098806127,0.6333434511414421,0.0022820271029231243,0.001429367867773632,0.00742350451620805,3,6,0.5084745762711864,-0.00044454691319886124
3100751056.avi,0.6127154881750602,0.051220363192830555,0.8928571428571429,0.0,0.9862633615732193,0.012883008681740514,0.015255876196962009,0.9729611560702324,0.07094859067429933,0.002374419235832667,0.29045341239398625,0.027275684106864033,0.548395598795106,0.013958914383801679,0.009473109105182115,0.046987561250075485,4,6,0.5084745762711864,-0.0039449305375793935
3100751057.avi,0.5737298370063733,0.03467146127160307,0.9830508474576272,0.0,0.988393372297287,0.032240558924486046,0.02049939699245224,0.9759686758120855,0.058301795928857134,0.003527384138099067,0.2975609445551989,0.014801732659578019,0.5542831280308775,0.018304684181884637,0.009553695071571127,0.04489955802556994,4,9,0.5084745762711864,-0.006800264711210643
3100752014.avi,0.5290278187061449,0.004673033676624441,1.0,0.0,0.9834478338559468,0.004202280677460963,0.0031745268265770095,0.9798514902591705,0.07024896218063661,0.001347314107142902,0.28383514415445876,0.0037030905829312467,0.6397990480828585,0.00278794310802765,0.002754821625171296,0.007705119744787005,2,8,0.5084745762711864,0.0005275138977117485
3100752021.avi,0.526161582602431,0.00492333776739963,1.0,0.0,0.9834490199883779,0.0018625805185874364,0.0017937723194257035,0.9789992054303487,0.07348850776491811,0.0014327444337314903,0.2810353782352175,0.0020834033882045685,0.6434951883756569,0.007343298160692729,0.002532094339390537,0.0059220810041460655,3,5,0.5084745762711864,0.0004173980277884454
3100752030.avi,0.5817291913839077,0.005561557282069573,1.0,0.0,0.9909352540969849,0.004336391382077586,0.003104339312491951,0.9871995061635971,0.07185539708915761,0.0011819115919950607,0.29400362123297363,0.004269761609867931,0.6564017450125956,0.004104692081351908,0.004734489327150866,0.01365349917430257,4,9,0.5084745762711864,-0.0013906854154880815
3100752037.avi,0.57674891383428,0.005273248497705014,1.0,0.0,0.9912917425235113,0.002025933831089912,0.001692675453096284,0.9874831477801005,0.07030404978334823,0.0011421337882097059,0.3010196502344461,0.0018570162680576687,0.6622313936649198,0.002611740141822248,0.0022506644879519196,0.006900370949811097,2,9,0.5084745762711864,0.0003280114440953881
3100752048.avi,0.5662166649502356,0.006586990565186903,1.0,0.0,0.9774877925713857,0.0045795404301993865,0.0015060036426867817,0.9758030101656914,0.06932034488798156,0.0009684995027580073,0.3151131884080309,0.0021679246164145534,0.6689803273837912,0.0034464842283783064,0.003300948008499189,0.0088288059280174,2,5,0.5084745762711864,9.114230463582286e-05
3100752051.avi,0.5706325752957547,0.006797481476552687,1.0,0.0,0.9779041975736618,0.005826423153419584,0.00277908919796095,0.9762144977847735,0.0700160691532801,0.0011139171699249325,0.31184816842431695,0.0024754056807459674,0.669638015069458,0.0042656877044373615,0.004237430465332629,0.0093755222369462,1,6,0.5084745762711864,-0.0018705619658608043
3100752055.avi,0.5738574802529955,0.005494031124562988,1.0,0.0,0.9779940942923228,0.0033225631187310026,0.0024624825018077913,0.9763559708992641,0.06962158518024375,0.0007601557160067634,0.31606250018565485,0.0023481117515621397,0.6727095089064489,0.004050935159043179,0.004236547381508368,0.011303215181621513,3,6,0.5084745762711864,-0.0008669490019300049
3100761003.avi,0.5077543939547761,0.00913207173948417,1.0,0.0,0.9898731996615727,0.006124774023226806,0.003846377120583095,0.9859662602345148,0.09632429842349517,0.002246201988920299,0.4106557298970054,0.01971540582795029,0.711581210990765,0.029913766651810093,0.006134478592150728,0.026112714222453776,4,5,0.5084745762711864,-0.002489817619562954
3100761004.avi,0.5123194387870331,0.00800162102766614,1.0,0.0,0.9859605520963669,0.0054474199053304,0.003475707147516841,0.9842724665999413,0.09486177806489579,0.0015529395672809559,0.43297891843759917,0.0052653327405570985,0.728888431242816,0.009028705276028339,0.00357503619971176,0.012398987727670086,3,5,0.5084745762711864,-0.0008553776137883349
3100761005.avi,0.5354639851138457,0.034996751610566826,1.0,0.0,0.9854145407676697,0.03832239623175124,0.007071405925877441,0.9837766349315643,0.09383047425795617,0.003555211874472305,0.4426892712287798,0.011654661459936396,0.755592244352268,0.02787817296847789,0.007575240172402057,0.02608481428503093,5,8,0.5084745762711864,0.006321289077992826
3100761008.avi,0.5299570294102175,0.007115884033392377,1.0,0.0,0.9867419193188349,0.0044603522413202215,0.00435459514976698,0.985314438243707,0.09735412662827707,0.001753393116091823,0.4441016347853027,0.005533233436514392,0.7635955494607991,0.012736216997143819,0.004070568388191981,0.016006195392888667,3,7,0.5084745762711864,-0.0019830761271049263
3100762004.avi,0.5945294687832023,0.022763690668677554,1.0,0.0,0.9711942007144292,0.03579533563277053,0.011256760497461634,0.9731469144423802,0.11078323760649057,0.0017631408267419276,0.38328533535163306,0.02637805286549094,0.8027636177724152,0.01025260345075577,0.005791040325561205,0.027302886432816482,4,5,0.5084745762711864,0.004057302590969757
3100762027.avi,0.4303935734162328,0.0886901625279582,0.9166666666666666,0.0,0.9798749208450317,0.04450934839012633,0.009300128994415267,0.9770298237601917,0.10879782507290253,0.003119734080132382,0.36053671999831477,0.019755596008835388,0.8005409634631471,0.03959677041592316,0.015175480351735346,0.04613283077367605,4,5,0.5084745762711864,-0.003871757071547558
3100762030.avi,0.4914259696977657,0.06904730968679279,0.95,0.0,0.9805398752291997,0.03530477323993752,0.007182108463380773,0.9804793323079745,0.1062636640226343,0.003341898472807645,0.3700131831248468,0.012775353313456307,0.8234769800880589,0.024258121177766007,0.00981659146798109,0.054067267616578804,4,9,0.5084745762711864,0.011733294886825346
3100762055.avi,0.5826138824375877,0.00946733318568804,1.0,0.0,0.9870181103547414,0.0034619662433763372,0.0048152676148902444,0.9837052330374718,0.087601376168924,0.0026517374865414373,0.4815373350283012,0.007339136204678951,0.7420111265521624,0.02182466192002971,0.004688591829144361,0.01752977655529191,2,4,0.5084745762711864,0.0014010306004675482
3100771001.avi,0.5398125618832592,0.06192896811071924,1.0,0.0,0.9908316145340602,0.006515941799125775,0.005850727266245798,0.9874217549959818,0.09354682109491248,0.0015507575081319407,0.2936729614719246,0.01224411749076028,0.7426817635425933,0.03316218089398899,0.00551649190347162,0.018873784544554004,4,5,0.5084745762711864,-0.00021952738642318833
3100771002.avi,0.609809847571265,0.03334302541575128,1.0,0.0,0.9927193919817606,0.008112689335950104,0.0048466908007950395,0.9875932907064756,0.09552511984707034,0.0010843937724481353,0.28185150934221037,0.007450826267227863,0.7269741333735157,0.017166448999182227,0.0037678664718178755,0.011628037061760957,4,6,0.5084745762711864,-0.00012226278486421544
3100771007.avi,0.5653468240034479,0.01004178855356043,1.0,0.0,0.9890684376160304,0.00398438851957492,0.011594195342395176,0.9858598281939824,0.09427879914218686,0.003279900509156137,0.31345710503002183,0.009979037874133805,0.7524778551638334,0.011069019642984096,0.0037504674239101326,0.01782020390388195,1,6,0.5084745762711864,0.0009019743127292581
3100772051.avi,0.4694489216703833,0.008504752241523899,1.0,0.0,0.988623508810997,0.003843976244158407,0.0060963387913953275,0.9863308176398278,0.09237265802141434,0.0018593835327931714,0.30823105574529025,0.004191305194243295,0.765586347972208,0.0044737975599181195,0.005762711803760803,0.014886706378339144,3,3,0.5084745762711864,0.002028597466836566
3100781001.avi,0.487803822415921,0.02897556193684495,1.0,0.0,0.9885375261306762,0.0563499604460693,0.09014052161272668,0.9860694820682208,0.07882223553311477,0.008028007070065032,0.4089507303021263,0.029379014100691457,0.8288063183004,0.028582777163478398,0.025190200855246307,0.1214674168324019,2,16,0.5084745762711864,-0.022725202698769553
3100781002.avi,0.5117496313783194,0.05314839531939182,1.0,0.0,0.9903090685606003,0.13874483209688376,0.12014612472362722,0.9879028504093488,0.08312531268902626,0.01846751269356416,0.3885624046220181,0.037734821654085024,0.7985731574865194,0.07562111949518695,0.03983345713686922,0.2041869756748839,4,19,0.5084745762711864,-0.04823668501734707
3100781007.avi,0.5543260288735364,0.008426567554442672,1.0,0.0,0.9917760094006857,0.0026968718027744324,0.00612698327626941,0.991662626961867,0.08132565836509437,0.0028415434295773786,0.28131096665044986,0.00605219790789643,0.8018493314211155,0.007247231980937199,0.004137116684125494,0.010404205869228167,2,6,0.5084745762711864,0.0007314019702807208
3100781034.avi,0.5752911395800615,0.005121627663185558,1.0,0.0,0.9879279394944509,0.004435207730176621,0.0052720113348055245,0.9880224168300629,0.09436212197983035,0.002549864023277002,0.2501378583823444,0.006898727744039237,0.8432589867436786,0.008530393109609964,0.0030450410201085963,0.010374864767881239,2,4,0.5084745762711864,-0.00032377677586934795
3100782067.avi,0.43086608041707813,0.005534866978546438,1.0,0.0,0.9837432692448298,0.006013669416509642,0.0017742092779294235,0.9805072829127311,0.08747189320888439,0.0011468387543915146,0.4426364042980788,0.0022004760533069086,0.8647409882614402,0.0044110347104559106,0.0022999999798537832,0.005259049931272486,2,5,0.5084745762711864,0.0007422585220285701
3100791004.avi,0.5081761398117111,0.009110699975858765,1.0,0.0,0.988887948791186,0.0428091245910176,0.05926647277644467,0.9861081237594287,0.08648098515367032,0.010722287024081073,0.27984077071602964,0.0298212851105921,0.6690686472377938,0.021624371059024292,0.00922127209105273,0.050075285793066915,4,7,0.5084745762711864,0.012044464794648598
3100791006.avi,0.5203056061445331,0.03567303753412028,1.0,0.0,0.9879522035519283,0.04668406614301962,0.010750813703717912,0.9861958220601081,0.09287905054695482,0.0027532874732602553,0.2810250128062301,0.010929256624618385,0.73733576373999,0.006690061797840445,0.006431004715241984,0.03959385817320671,4,8,0.5084745762711864,-0.005739585189418887
3100791058.avi,0.3717508956842457,0.006967035445854039,1.0,0.0,0.9867027451594671,0.006051536173696761,0.006782116822992652,0.9782193660736084,0.09969052132789245,0.0013494106521178305,0.2897405871088443,0.004031587254583639,0.8011558566999935,0.005619619328416522,0.004700028535137786,0.013408934443151787,3,7,0.5084745762711864,-0.000613325808807407
3100792045.avi,0.43440461467679453,0.004250821730263727,1.0,0.0,0.9916661242643993,0.0030070018150451963,0.003096343009576812,0.9887906755010287,0.0871328128997346,0.0014783725686701571,0.2510482895840042,0.003462459232205386,0.7187428610829372,0.004693237401362821,0.00257599672058857,0.007988909699311719,3,7,0.5084745762711864,1.8819806350605858e-05
3100801006.avi,0.4632967256300224,0.009277800703050586,1.0,0.0,0.9968529005845388,0.0036725495369986424,0.003024070828735278,0.9933097635706266,0.0723653901384576,0.0008670068837524569,0.22772282333042035,0.004708673264529684,0.692595924580012,0.008550269069797497,0.003551495613076693,0.010936579044738388,2,6,0.5084745762711864,-0.0011228362108250739
3100802001.avi,0.46365193965195256,0.0077285021015346435,1.0,0.0,0.9978938986857732,0.005767205829479492,0.004540334699603077,0.9948048447569211,0.07367537767740884,0.001252182089498745,0.21206488169235566,0.013733351492907922,0.5960711290453867,0.0065762953458823,0.0034112182498569604,0.017548174479828375,3,11,0.5084745762711864,-0.0008731192024397745
3100811002.avi,0.47044032001168795,0.014791979492124994,1.0,0.0,0.997508990764618,0.01963664219900287,0.008208088103567138,0.9927420988678932,0.060360882743930186,0.003416205349944075,0.26802544702394787,0.011543649570018522,0.5813524946513433,0.007148462435917817,0.006111238463946493,0.027499725111993376,3,8,0.5084745762711864,-0.003367692868311594
3100811018.avi,0.4672059876272912,0.015694818031557162,1.0,0.0,0.9973299970229467,0.00885006024134057,0.003918750908318264,0.9930068085590998,0.06594071920877423,0.0019209007608816994,0.25273617368296625,0.005452402244661236,0.5957065571998487,0.005336543521605526,0.0032043644523624382,0.008733410484218981,3,7,0.5084745762711864,0.00016931283926522548
3100812028.avi,0.5037664571148318,0.007700499335805803,1.0,0.0,0.9973026176293691,0.005831566863906737,0.0016763235219754103,0.9924954041838646,0.05812382170711981,0.0008856599416896416,0.2776010101940235,0.0028214735722765045,0.5804057724679296,0.005167996610256809,0.0017997857483408293,0.008632542634572768,3,6,0.5084745762711864,0.0005191188546555109
3100821004.avi,0.535213324997601,0.02067803581836731,1.0,0.0,0.9901813069979349,0.01998896456731214,0.047411922347627575,0.9890142470598221,0.1016825862944786,0.0071438958445487295,0.18826511925755637,0.06293587116508559,0.8143940718918121,0.007661518429194675,0.008580098674514041,0.04994195870293598,3,8,0.5084745762711864,0.007927199890165111
3100821015.avi,0.5001617593940245,0.00459188970585429,1.0,0.0,0.9908829718828202,0.006634056993660463,0.010446448561739157,0.9910172492265701,0.09432254307868734,0.0023684424206091665,0.25803678017069104,0.016570011933739547,0.8579495404575085,0.007026967652981834,0.004880571580817753,0.01353080510380281,5,4,0.5084745762711864,-0.0013766215347422199
3100821022.avi,0.5133199168711584,0.0035348824059684707,1.0,0.0,0.9893785168727239,0.004283029368335219,0.008251234397062254,0.9892322505513828,0.10276278786499776,0.0013058157320745248,0.21461404507966614,0.009033896774774402,0.84781821046955,0.00573612005339837,0.0042377386787922425,0.015241056247441506,4,8,0.5084745762711864,0.0021126309950287086
3100821032.avi,0.4820028173952107,0.013570284633181155,1.0,0.0,0.9865501979986827,0.05011127909952178,0.05454612904064234,0.9834269578258197,0.08843426615426506,0.0035817865186871752,0.21236903279293293,0.02003597122226913,0.7691889719370725,0.019283152180468922,0.028640629033941895,0.06414569239045845,2,7,0.5084745762711864,-0.012558726740455505
3100821033.avi,0.4761360621313434,0.011842671416528233,1.0,0.0,0.9855528771877289,0.04043241434606307,0.0451589452427014,0.9822221507628759,0.09035860366474394,0.004729050860320328,0.2198698466601116,0.01931299976068895,0.77965318838711,0.014526701472403505,0.025796054575677404,0.06491801531817241,2,10,0.5084745762711864,0.0045727056163045385
3100821038.avi,0.48342113660681046,0.02509573272240041,1.0,0.0,0.9839849223693212,0.04591713140335341,0.04950957137444235,0.9812992965181668,0.08431115342421015,0.0035353599911598635,0.2697935163691885,0.013673780365991236,0.7972485815142752,0.009472974436455115,0.025872386195641722,0.06899019614768062,3,5,0.5084745762711864,-0.01032615731005061
3100821048.avi,0.49450729808188465,0.030384951169785634,1.0,0.0,0.9865171094735463,0.061377671256813066,0.06508577416446336,0.9838695938388506,0.08920991522061321,0.005698466942454053,0.26061350263310207,0.03595726326461902,0.8028186841949354,0.010066725369844013,0.0189643624770906,0.06077148720087929,3,14,0.5084745762711864,0.010818349635716273
3100821052.avi,0.4763924606120314,0.010826874273173324,1.0,0.0,0.9843532800674438,0.03353772824528757,0.0468433413068586,0.9817422568798065,0.09451179381070643,0.002170078832837921,0.24826583854668022,0.016219936107719494,0.829468359789509,0.007131774713954265,0.01745524703261783,0.048038814638687484,4,7,0.5084745762711864,-0.004221932117620645
3100821057.avi,0.48341199040051586,0.006903221803622511,1.0,0.0,0.983563455939293,0.013858772616880587,0.016038604795494654,0.9811781634887059,0.09269038252028741,0.001988779896700286,0.252044057207822,0.011444089825339154,0.8209669929656801,0.014013683864150446,0.007872664067389339,0.03359915899858268,3,6,0.5084745762711864,-0.007112683045437898
3100821069.avi,0.47888897833356053,0.019158023385572095,1.0,0.0,0.9809563448031743,0.01877360563868871,0.028691950855851644,0.9796580006678899,0.09193441037355683,0.002981506317425081,0.28246256346512294,0.01904495430990529,0.8540337957575175,0.02128412396906207,0.010026910913603884,0.058595776859271385,2,12,0.5084745762711864,-0.005088995607300194
3100821075.avi,0.49864435642067195,0.018590061886140537,1.0,0.0,0.9803944518168767,0.008473618924437211,0.014557571048991885,0.9783311376969019,0.09775805035275136,0.00241407263180541,0.2537176370524853,0.01290220635450988,0.843852386445696,0.005595396872762315,0.006783112071209016,0.05890581008027474,2,4,0.5084745762711864,0.0005575364074002619
3100822011.avi,0.5743428312385295,0.03617111002603157,1.0,0.0,0.9882183482249578,0.059281525620305885,0.08154838348460587,0.984406175216039,0.10885054068952013,0.025791178006508708,0.26950516474494385,0.10945376807514376,0.8328345002345211,0.048361940067458045,0.027266520912981686,0.13396073004997647,5,10,0.5084745762711864,-0.02759151914442401
3100822031.avi,0.5288399454393724,0.01044486998449228,1.0,0.0,0.9774351060390473,0.0068322501640679335,0.014329637842653172,0.9809453338384628,0.13704137627563648,0.0018840573657147026,0.04531117174690988,0.012677407363086025,0.9213448719684774,0.005706165973894835,0.006873975474719696,0.016735989692944847,2,6,0.5084745762711864,0.001337953478025431
3100822065.avi,0.5229216806842956,0.018299992378316823,1.0,0.0,0.9781616985797882,0.01423784132009658,0.011495317567043539,0.9787108133236567,0.10102588730389432,0.00191376593497176,0.29713651579599326,0.00954469321197753,0.8963506146192953,0.018281516972108988,0.006875320370794527,0.015198986865517537,1,3,0.5084745762711864,-0.0003442209771215444
3100822066.avi,0.4533978464040359,0.028804231656231263,1.0,0.0,0.9791005144516627,0.016409887032756806,0.00971182659896175,0.9783238202333451,0.10058654854084931,0.0024103429966138654,0.29305483907307883,0.012059976729510835,0.86960217446277,0.01682118675321749,0.007271238369075624,0.021312213090353697,3,7,0.5084745762711864,-0.0011969091775318116
3100831003.avi,0.37039191019791834,0.0066873091662530615,1.0,0.0,0.997295406460762,0.0014448945922222096,0.0007482560265434789,0.9940371334552764,0.05778435664098495,0.0006494381091379019,0.27665791664190864,0.001727208643572947,0.5574917772962564,0.0030191287108659944,0.0011852555560846736,0.00397826838604744,3,4,0.5084745762711864,3.8936998368247714e-05
3100831004.avi,0.36553756765124457,0.005018936286064878,1.0,0.0,0.9972706377506256,0.0010532581065769262,0.0007896828825400622,0.9939364964763323,0.05754783712776556,0.0007556148156412939,0.2793703071074029,0.0021840786024067437,0.5594712520972915,0.003691365576070824,0.0013955758482429468,0.0031011454248131495,3,3,0.5084745762711864,0.0002491614654079955
3344630110.avi,0.5428227856567306,0.0305250051699076,1.0,0.0,0.9880649824937184,0.023812450884607407,0.023637837472237685,0.985404276351134,0.0837806133826546,0.008004693065069509,0.35867375297343757,0.025546839361797965,0.8260436729247627,0.024614428809394805,0.010984144195675949,0.03213393925279371,4,20,0.5084745762711864,0.007912707340680867
33446301100.avi,0.5360416596329459,0.03425076009252811,1.0,0.0,0.9816692620515823,0.03430971807539307,0.038767218854283275,0.9834346150358518,0.08744440980353106,0.005106445115627576,0.38216264910489134,0.011712890527652405,0.7836682247917359,0.017825070833351993,0.011352258749513103,0.10227260864481748,2,12,0.5084745762711864,-0.010914471506363748
3344630121.avi,0.5644919110171581,0.005945836918576804,1.0,0.0,0.9855430195728938,0.0055219941764344735,0.004195378438800674,0.9838797554373742,0.0992362368232386,0.0013036909310259104,0.3077495245415482,0.006702449019334571,0.816998868874525,0.008771740943118236,0.003314951435325209,0.01140866568837601,4,7,0.5084745762711864,-0.0010619837082697422
3344630131.avi,0.5623188469973365,0.01085304338817589,1.0,0.0,0.9860030601421992,0.021539610115165864,0.03943352717136354,0.9839587320884069,0.09175373309062736,0.007432807649150663,0.33000452409128395,0.021033804521036113,0.797921849266621,0.013271878991826424,0.01015408861965546,0.08739304030316426,3,17,0.5084745762711864,-0.008668765774067366
3344630162.avi,0.5564643267397017,0.003896401778376165,1.0,0.0,0.9847308903932571,0.002192544126610939,0.002860059684422974,0.9837039271990459,0.090414144509059,0.0016872864613026988,0.3354481025141448,0.0071727924005484545,0.8203574453148264,0.010403763938331033,0.0022312168147151975,0.005002065550032092,3,5,0.5084745762711864,0.0007929324060243134
3344630211.avi,0.5495414885614643,0.014232007425533027,1.0,0.0,0.9826905836661657,0.013143334580143813,0.01851042573554962,0.9814488619565964,0.08367212554878845,0.002501057614980255,0.36227398886061096,0.015749426764765217,0.7459626949206803,0.020247351320191866,0.006775361053266166,0.03193776697800572,2,13,0.5084745762711864,0.004517292875159517
3344630282.avi,0.5371268206801041,0.056227614799595524,1.0,0.0,0.9849057823419571,0.1120212349889769,0.07712659619429206,0.9822101175785065,0.09028721926313638,0.006915578382144481,0.36604418508372855,0.019498032937710297,0.8229469034744009,0.021181171020720466,0.017104985053246705,0.1298482264881603,3,13,0.5084745762711864,0.02332206825604482
342227010.avi,0.48919777551632754,0.029566691928841402,1.0,0.0,0.9919818212588628,0.029757228363584045,0.027534966153381857,0.9930969402194023,0.08889366026269029,0.00846782620853473,0.41136736426258064,0.025889712820807338,0.7936420066031372,0.0167796934472165,0.008208533939278803,0.03225123322429438,3,11,0.5084745762711864,-0.005978113255137554
342227011.avi,0.5281973144926361,0.027250853786443856,1.0,0.0,0.984918067852656,0.06923388714596553,0.11759392124692995,0.984376256664594,0.09982798758908332,0.008095557840079549,0.4047314074153562,0.022508811412920954,0.8474169728674579,0.08237620155428443,0.018473262778137125,0.12659800376761352,4,7,0.5084745762711864,-0.018123126538390016
3422270111.avi,0.5046535631700777,0.009645020528225728,1.0,0.0,0.9896925141414007,0.01573655230617137,0.01344907827301796,0.9870512738823891,0.09184302862973064,0.002431443152403278,0.4175628916844906,0.016411144274395457,0.87704482264788,0.06275524678370012,0.006986092754806612,0.03217583621958905,2,8,0.5084745762711864,-0.004173958925006302
3422270129.avi,0.5151488341532618,0.05125109305147331,1.0,0.0,0.9889098922411601,0.04620870522742893,0.018736971722051642,0.985927035411199,0.10307549278356151,0.0028954435524023493,0.4066159235628045,0.01699050414170512,0.8593965710371639,0.06754747487325127,0.009835472333254386,0.03190393160070101,1,7,0.5084745762711864,-0.0011423183171297233
3422270167.avi,0.5828293562669984,0.004169615954825858,1.0,0.0,0.988056747118632,0.002657992010030005,0.003492034893573836,0.9849569618701934,0.09945835993410232,0.0016114766330351518,0.3687068644861927,0.0063762896200261696,0.7908650633242005,0.0402950353593944,0.00403121860159109,0.015194840329551772,4,6,0.5084745762711864,-0.000964966519682287
350361011.avi,0.5182033586041419,0.008953992025650228,1.0,0.0,0.9939266900221507,0.00869540663425825,0.005413747716105735,0.9930690914392472,0.08584880721020206,0.0013707089122969077,0.24782241148864975,0.004541020342530601,0.7729343206624342,0.007758294764634877,0.003272544782721931,0.008929277507207768,5,4,0.5084745762711864,0.0006744575131600516
3503610110.avi,0.5145776238800006,0.004679329976349667,1.0,0.0,0.9931854764620464,0.0026598677452511783,0.0021400540891241874,0.9924876138567924,0.0945787508173153,0.0015239303743021832,0.20245636101599512,0.0035880030108692376,0.7798028061981005,0.007294984844564984,0.0027742770005261116,0.0074922013199394556,3,5,0.5084745762711864,0.0006828022045513942
3503610158.avi,0.5249912326982691,0.031740192756918945,1.0,0.0,0.9928379247585932,0.03950278334262321,0.03566099589742718,0.9908136347929637,0.07888489402431446,0.008147032363614987,0.27879570644285157,0.03743138345482327,0.7749958132040151,0.06101956076721172,0.012160763161007582,0.06976262919490163,3,14,0.5084745762711864,0.016507267848824007
3503610168.avi,0.5030981972217454,0.013015877241935751,1.0,0.0,0.9908913612365723,0.0791759463141927,0.04500937883027177,0.9863590503732363,0.07111462820314395,0.0062719362124635785,0.26758768778596514,0.044585309066726184,0.6284503985586924,0.02146824582074535,0.011244746971255354,0.0751620414647898,2,17,0.5084745762711864,0.018047412587737798
350361028.avi,0.513820270364554,0.005263067228874106,1.0,0.0,0.9917426894108454,0.00814777508075334,0.010971378972860733,0.990312185883522,0.10234376741847699,0.0016799272761138266,0.2323294018239316,0.007337199531993108,0.7812184868864545,0.01028681876262073,0.004977470158926757,0.014347857148910886,2,7,0.5084745762711864,0.0005729863491343891
4000181002.avi,0.488710456181079,0.006024522865529968,1.0,0.0,0.9839170982440313,0.0027279945574800292,0.0035908178066517164,0.9799994831283887,0.07478694829772939,0.0013049071585893052,0.32791230560575885,0.004392975876336308,0.7179632254074725,0.002866780087432168,0.0034762547737136147,0.009883695142439934,3,5,0.5084745762711864,-0.00029792488170757346
4000181004.avi,0.5119663722520401,0.042438896151956666,1.0,0.0,0.9876104325056076,0.1292262546546979,0.03612671296959733,0.9829498723149299,0.06712935215943457,0.007251097470619272,0.34490356312405773,0.01951419653777018,0.7185387110488816,0.011518291491403683,0.020480576561602393,0.0737735318481846,3,7,0.5084745762711864,0.010455958739169671
4000181015.avi,0.47331487203432426,0.043889767388316785,1.0,0.0,0.9881683478752772,0.09251483239627771,0.06837737795555836,0.9820232744018237,0.06626050902469477,0.008476024243742707,0.34580559942612965,0.018644459059694057,0.7183077672997809,0.017745973999527462,0.011177657676524271,0.07229370340673981,4,23,0.5084745762711864,0.017948256208246836
4000182035.avi,0.48812450295366666,0.02067287835722544,1.0,0.0,0.9831415514151255,0.019151331904899548,0.017266280372829016,0.98280045936505,0.0824238976449032,0.004063540579604527,0.3072463111242033,0.022848876360124892,0.8490184319587069,0.01973430291310152,0.007819140205569447,0.028731161266701423,3,11,0.5084745762711864,0.0010218530589897927
4000221040.avi,0.5318203788052791,0.010716993591548015,1.0,0.0,0.9869230310122172,0.011303174141707544,0.013832424835854704,0.9868735536932945,0.10859170109181955,0.0035568071066887797,0.3382409865750064,0.015495485222347503,0.9590670508693965,0.020903928595507923,0.0035498031425318754,0.011858953363380222,3,4,0.5084745762711864,-0.0005118288595267464
4000222031.avi,0.4897571947730581,0.003956292774412294,1.0,0.0,0.9872634967168172,0.002518377704279445,0.003987017272523156,0.9865480502446492,0.11456190766533428,0.001399424318539571,0.30018592569560243,0.0062155991216493785,0.9354121716316981,0.008464982092127763,0.0023468342539532017,0.007377377482762293,2,5,0.5084745762711864,0.0004591229304404527
4000222032.avi,0.4911687572485976,0.002948036801822549,1.0,0.0,0.9874283989270528,0.002060101175924651,0.0024185148669686658,0.986610175172488,0.11542740089304344,0.0013643012977571517,0.2945944770067912,0.004575106397359448,0.9323231276356199,0.008508588487972715,0.0024747306854255705,0.0059425875879857756,1,5,0.5084745762711864,-0.0001435748262228068
4000222036.avi,0.47522767167546676,0.014667179676397812,1.0,0.0,0.9866798202196757,0.014475505993772488,0.011964520036163788,0.9861570502320925,0.11917204669318307,0.0030510159609312805,0.32831610448177667,0.013783305490929851,0.9225740366162042,0.0274293647170074,0.007323488121877267,0.032485177038308465,5,8,0.5084745762711864,-0.010434437579934615
4000222041.avi,0.47153209106794125,0.004140096266450631,1.0,0.0,0.9866789191961288,0.002205797119731892,0.0028820641392812334,0.9857272123297055,0.12115253069798378,0.0012910884005359119,0.3034581615321867,0.00502433475435217,0.900648013903138,0.009353631500711427,0.002620568429746976,0.007939177153863894,3,5,0.5084745762711864,-0.0008289822745627491
4000232071.avi,0.4534613879015014,0.060892613268576236,0.9666666666666667,0.0,0.9801968634128571,0.03860823138712613,0.0038859622852571002,0.9779594426353773,0.08525205008600875,0.0021577767542038826,0.4205197781137536,0.015050206938736965,0.9144793028345866,0.013534906322376158,0.006585804861386215,0.019606988465256363,3,10,0.5084745762711864,0.002259388584818783
4000301005.avi,0.5447816560597265,0.007839435546640823,1.0,0.0,0.983556408683459,0.002036680036528552,0.0032575038441839954,0.9810910895466805,0.05712372752212375,0.002125692000962252,0.4632758731207155,0.01769555114719016,0.9976733877570848,0.015225221180214259,0.003055558191932204,0.007096598732848823,3,4,0.5084745762711864,0.0003765380979782974
4000301006.avi,0.5464301833007004,0.009036280044386674,1.0,0.0,0.9834272404511769,0.00355579751713796,0.005300302947265506,0.9816312064727147,0.05644893256054721,0.003070553640758893,0.4841056506653648,0.015679201126257338,1.0303949322475998,0.020668135374712588,0.0035244886384623014,0.011906544586218822,5,4,0.5084745762711864,0.000555682170282536
4000301010.avi,0.5458968669480004,0.007603585819897465,1.0,0.0,0.9819159825642904,0.003719115701976672,0.0025840555241292266,0.9804273506005605,0.059696618765393304,0.0026572416627744376,0.4816289303090325,0.013999767414573512,1.0163385700734962,0.02052020607650151,0.0032326813703933777,0.012331299541934166,5,4,0.5084745762711864,0.0006286213851380345
4000301011.avi,0.5440082333774752,0.007442119482859887,1.0,0.0,0.9826710333426794,0.004013621911388147,0.0029820204400555204,0.981089515487353,0.0574979073999021,0.002928994347028872,0.4813707563816213,0.01331613431324985,1.0216840945239751,0.023683665491010416,0.0038403622620900102,0.014854296271048452,4,4,0.5084745762711864,-0.0017181682791209112
4000301021.avi,0.5469863480775015,0.00686051120793685,1.0,0.0,0.9830943564573924,0.002167117438373159,0.002039459718325683,0.9815602963169415,0.057738036762010496,0.0026390649159164555,0.462370992785574,0.020005978585471103,1.0309298840198373,0.011969752445551722,0.002500480080753685,0.009252357655341992,2,7,0.5084745762711864,1.1527792656487214e-05
4000301028.avi,0.48834614924088526,0.005129110732265299,1.0,0.0,0.9830199182033539,0.002611515278220932,0.00327370289652764,0.9817855646212895,0.05899997281869956,0.0013551318947543484,0.4862947745748574,0.017556587249180987,1.0040247145337238,0.014661929010583545,0.0033109889863018865,0.00932337017830326,3,4,0.5084745762711864,1.9892657564804777e-05
4000301030.avi,0.5031561320525401,0.0052742164442988486,1.0,0.0,0.9938836216926574,0.004411245929263711,0.005465679815576743,0.9914720053474109,0.05498602542577545,0.0020154152962979796,0.5313189089297449,0.015078016756429386,1.0253894110541564,0.01574764795047711,0.00421759215053187,0.018074686897433422,4,7,0.5084745762711864,0.00038380703421088923
4000301042.avi,0.4935331953281806,0.011449087279180635,1.0,0.0,0.9941570520401001,0.005854438943985177,0.003622736742160169,0.9913387442628543,0.054331241041170354,0.002388850938041818,0.5850657140989273,0.006371729097418123,1.019645707253472,0.017939873319977033,0.0037777936869596465,0.022601768153975476,3,6,0.5084745762711864,-0.002258273482248222
4000301049.avi,0.5179323043595404,0.005320845180844356,1.0,0.0,0.9898646752039592,0.008104808605846841,0.01123569330591679,0.9884312252203623,0.04631495272591563,0.00422286213928784,0.48893369549785887,0.014845615129160218,1.0398771651015335,0.023987595246920117,0.006007321746937642,0.019031232612273616,4,6,0.5084745762711864,-0.0030687240560378385
4000301055.avi,0.5299305072890633,0.005709318275697197,1.0,0.0,0.9865437845389048,0.0038214640352291617,0.003784149004967699,0.9868602931499482,0.03968863547701754,0.00250883652570213,0.4865978652246618,0.003949213717034019,1.076861168361268,0.007578947635587026,0.0036927870945162333,0.022195092515184457,2,7,0.5084745762711864,0.0011563894836535836
4000301060.avi,0.5276803888506282,0.004618843292341387,1.0,0.0,0.986906111240387,0.002414141588404754,0.0025964773697898457,0.9870807364583015,0.039805320075430826,0.0025792984456323915,0.4953525947018138,0.004297196718594371,1.0931745601250251,0.008764094433109253,0.0025759529356998265,0.0061823376276667775,3,3,0.5084745762711864,0.00014812192196433363
4000301065.avi,0.5328589300269274,0.0051687388861777995,1.0,0.0,0.9869730144739151,0.0021931895708785457,0.003358424385992551,0.9872177918752034,0.04272603448310132,0.002295263110353583,0.4939229838997519,0.003936348836494079,1.0929440704871445,0.007540322829624835,0.0031186855050086768,0.011261438282582442,3,3,0.5084745762711864,-0.00018569376415181063
4000301066.avi,0.5325748860890833,0.0042924287010808046,1.0,0.0,0.9869156122207642,0.002318214517981585,0.0030928853998292726,0.987269305686156,0.040534739039867575,0.001998072200662855,0.4957059362036588,0.003937576819741733,1.0917022768857905,0.006814420102614721,0.0031004333799866048,0.009569765648139012,3,5,0.5084745762711864,-0.0013243701371530082
4000301067.avi,0.5304758187239986,0.003210775253799152,1.0,0.0,0.9867804735898972,0.0020370769470907627,0.003172904196890312,0.9870111172397932,0.04278359536860601,0.002530918685199292,0.49336752092838554,0.0040265355811215575,1.0914264518344594,0.008338257597190243,0.003238372787583781,0.008690156187980146,3,3,0.5084745762711864,-0.0005943062016257887
4000301070.avi,0.5300043251928026,0.004554796987010915,1.0,0.0,0.9868209610382715,0.0027413138966864256,0.003871722836495805,0.9869954029719035,0.04363393108424454,0.002411003990704928,0.4909781061967883,0.0030623892018061994,1.0893305410831933,0.006383493056973999,0.0032721653352611787,0.012374964645097804,5,4,0.5084745762711864,-0.00026606098366932073
4000332082.avi,0.5160966829903464,0.016799369769327867,1.0,0.0,0.9923177490631739,0.021264646396018883,0.018645092515879612,0.9866867368419965,0.07996664252076698,0.005074983436379015,0.3415043535368623,0.03412657735552507,0.8621978782214963,0.016651154993731862,0.004776680232035491,0.022951117838848834,4,5,0.5084745762711864,-0.004552707779210006
4100191008.avi,0.570778907256683,0.027063015577534592,0.9649122807017544,0.0,0.9896324773629507,0.022502559568734426,0.006135874751745929,0.9836881160736084,0.08892068014271627,0.0018982154303232163,0.3494584542109898,0.007069558483089251,0.7484049334296917,0.011205866664047503,0.007714750310511304,0.05324757874125785,4,6,0.5084745762711864,-0.004433479234117359
4100191033.avi,0.5270157792036363,0.04536577118953922,0.9833333333333333,0.0,0.9912412712971369,0.041373245917487166,0.01635431093710068,0.9859597861766816,0.09479570636294198,0.0040988198913056734,0.32744664820791136,0.012842536620749178,0.7620841338504056,0.0148166277373073,0.013239925990724604,0.03772393615839863,3,10,0.5084745762711864,-0.005016740153398988
4100191041.avi,0.4957724277582602,0.007305812522639831,1.0,0.0,0.9943345546722412,0.005134217716617558,0.003561830209207654,0.9890400528907776,0.09467805993880173,0.0014599516569230215,0.31117582256197657,0.005907811683753451,0.7709827588355115,0.007128652343465393,0.005358465378589927,0.014068893680367362,2,9,0.5084745762711864,-0.00020731415019601893
4100192010.avi,0.4505673645550535,0.00941668737707051,1.0,0.0,0.9863648821910223,0.0022756120629061475,0.002983881975565866,0.983879861732324,0.09324856395218825,0.0020600781284506146,0.3739980775774768,0.004528720504375243,0.7992721681291673,0.005375518892896729,0.003642213470296638,0.010592672184135059,3,8,0.5084745762711864,-0.00030474181775016086
4100192011.avi,0.44608892423709,0.008561324820968679,1.0,0.0,0.9861213743686676,0.0018410512142672919,0.0037259869451386736,0.9836727946996688,0.09273694613541264,0.002515861254552668,0.3716713192989785,0.004376647742707153,0.7978129593767916,0.005423230642262997,0.004611443077986698,0.012647671460089084,4,8,0.5084745762711864,0.0008378108832475754
4100192015.avi,0.5033810462142011,0.01147918157087651,1.0,0.0,0.9866701364517212,0.01250564806294309,0.014321596182555029,0.9841749841968218,0.0962823290825879,0.0026616032572915776,0.35482295017833143,0.03240189026190795,0.8008087411699699,0.016215803693903158,0.004978250530994006,0.03086100496616522,3,6,0.5084745762711864,0.0030768521672262066
4100192016.avi,0.5136964771888534,0.01491368289764429,1.0,0.0,0.9904741287231446,0.009321816293955962,0.009819775802550433,0.9850488151113193,0.09859545451191959,0.0024048776543759668,0.28714014926159653,0.013731434319133774,0.7594037360561949,0.01505228473879371,0.008341872366107336,0.033183889838589636,3,6,0.5084745762711864,-0.00557267229845476
4100192026.avi,0.4824644356327555,0.006528079355354743,1.0,0.0,0.9860628684361775,0.0023250950026160837,0.0022612713587527606,0.983375859260559,0.09794809283847217,0.001554826214359038,0.3559590690159639,0.003737258795788615,0.8011722596483947,0.0030364070528715167,0.0025831832191688326,0.008656314818715836,4,3,0.5084745762711864,-0.0009107079614050508
4100192029.avi,0.48402741242313435,0.006038072874754237,1.0,0.0,0.986521287759145,0.0023147061257587117,0.00244662870523324,0.9839482819040616,0.09953849087730977,0.0014356656310861211,0.3583146160251603,0.0034485822898349615,0.8037341037802795,0.0037327025258667825,0.002740172673457939,0.006458783192289873,2,9,0.5084745762711864,-0.0006281954997360271
4100192031.avi,0.5098532742275566,0.018281383969134465,1.0,0.0,0.9891552130381266,0.012710066201798225,0.018788369611336876,0.9850187510251999,0.08668541538828078,0.007685609507911691,0.29847554758747746,0.07657061428669193,0.73479844518633,0.045347877153942555,0.00960814245876433,0.0681487928904082,3,15,0.5084745762711864,-0.012830376558361365
4100192049.avi,0.48210915343412325,0.02162229318198727,1.0,0.0,0.9890439132849376,0.06259801464855541,0.011246844014931928,0.9851282119750977,0.09421194197343023,0.002255015639460999,0.3470293787855351,0.01165866698617135,0.7680795405978726,0.013293955403840403,0.00892386644098944,0.05673859144349321,2,6,0.5084745762711864,-0.005936723571533505
4100192053.avi,0.4625847315946886,0.0053462407728661464,1.0,0.0,0.9888844052950542,0.0025752996864532485,0.0016750657068444173,0.9852179641524951,0.09443164961594744,0.0011271385384752377,0.34789201218523724,0.002130106024709831,0.7748820532080465,0.00379613573158353,0.0027289369997940344,0.0063734523300782355,2,7,0.5084745762711864,6.723297485134762e-05
4100192060.avi,0.47999702099733593,0.003077258861646554,1.0,0.0,0.9887400140364965,0.001773067624073963,0.0015376593463484018,0.9854954466223717,0.09700741303562394,0.0010340292283650939,0.35392071026426636,0.0019662111370575344,0.7826573306063688,0.003851251379273011,0.0022253971181236394,0.0058765839615074035,3,5,0.5084745762711864,0.0004194565949234416
4100201030.avi,0.648146231630401,0.009538321590816766,1.0,0.0,0.9913783510526021,0.005025456950832608,0.0024907927424062735,0.9889954765637715,0.11782886130243998,0.0016348266790042313,0.35696752568872664,0.004520019477047142,0.939263280043025,0.007431553747374067,0.0029316451142836924,0.012827093726783471,5,6,0.5084745762711864,-0.0005010474655558123
4100201032.avi,0.6512368789680838,0.00583399991662583,1.0,0.0,0.9916318893432617,0.004363265149136258,0.003541464702464166,0.9890144695838292,0.11823985579053123,0.0010393621921856637,0.3567282076897742,0.005410695649236134,0.9429928739068176,0.0076537191009801945,0.002897491582273284,0.012298993633086753,4,7,0.5084745762711864,-0.0012496733875691423
4100201039.avi,0.5741458128688008,0.00947634319830241,1.0,0.0,0.992114860812823,0.011747079927450011,0.01058272188713384,0.9904580722252528,0.11239978568224991,0.0017512590906049177,0.35294396829069197,0.006900121247957451,0.8905558694631999,0.012536333633104418,0.007054428977496401,0.05414762235938947,4,11,0.5084745762711864,-0.009732555014089359
4100201043.avi,0.5573177825078748,0.006742448265656995,1.0,0.0,0.9916644771893819,0.008895386590233482,0.01561265255692061,0.9903371488054593,0.10907441819432488,0.004441948415347789,0.36628467147923865,0.021057668253249593,0.8983290037211933,0.008119635273328355,0.004383626860427046,0.021352025009305265,4,5,0.5084745762711864,0.002978424851207964
4100201061.avi,0.5595398475254905,0.05556394427928746,1.0,0.0,0.9847510248422623,0.04802616496701016,0.06900000621943701,0.9877042671044668,0.09958806721503473,0.01774083577792757,0.444066738356354,0.06530528092211492,1.0107254860795647,0.02086589234552504,0.019255901828822586,0.10120313376272322,2,12,0.5084745762711864,0.012907363180034688
4100202014.avi,0.49337870838049785,0.0283027207985284,1.0,0.0,0.989301938811938,0.017834035658488696,0.008622719503854778,0.9806416278084119,0.0633732977584352,0.0030843837302304187,0.2876714796800646,0.012979082930569843,0.5678320585080137,0.007559490525180048,0.0058057958918621404,0.01630167626600268,2,7,0.5084745762711864,0.0014849198772022773
4100202046.avi,0.5484017624412055,0.007682109720576374,1.0,0.0,0.9942261884609859,0.006258157478029999,0.0020566215671509727,0.9873490174611409,0.07114566925627154,0.000894495168764047,0.26755407275701554,0.004910743854044517,0.5942870307252687,0.005784193872125153,0.0032709990370383478,0.008645161013877328,3,9,0.5084745762711864,0.0002623362840125142
4100202065.avi,0.5691165096403442,0.016607812260018142,1.0,0.0,0.9864620417356491,0.009404911961668148,0.015181569140515704,0.9836341828107834,0.09871695101696898,0.006073424763826621,0.3798838201161322,0.012967276596506176,0.9061104314375376,0.008577259404108722,0.0054555343203521196,0.01645600427105533,3,7,0.5084745762711864,0.001065955883058506
4100241029.avi,0.5708106153270622,0.009514743093241443,1.0,0.0,0.983064799507459,0.02284979954841761,0.019100081039768933,0.9816786959767342,0.08611998789126794,0.0022594285326424505,0.3554541235867394,0.01555450844972017,0.8114591914809051,0.008098209434261214,0.005035465549174076,0.032457977017389665,4,11,0.5084745762711864,0.00515561807054497
4100241055.avi,0.5032095478908923,0.007479089717306352,1.0,0.0,0.9887992531061173,0.004824038727566246,0.0059244712820578325,0.9852445438504219,0.09629576019506732,0.001339539598601051,0.3479378167158223,0.006153613988298129,0.787900834066572,0.009760357018236994,0.0034069779860815223,0.0129585871699736,4,3,0.5084745762711864,0.0016198994915144799
4100241059.avi,0.5334757200930906,0.013693742966790072,1.0,0.0,0.9899104466040929,0.00818623669995158,0.011073183053193719,0.9855153252681096,0.09562484605847121,0.0024379961878842915,0.3325087428928026,0.01418174297703568,0.8024117320824661,0.025775417903985284,0.008736165319487066,0.018846415083525487,0,5,0.5084745762711864,-0.004408858068015833
4100241068.avi,0.5649909395202924,0.025383046553310588,1.0,0.0,0.9861591498057047,0.10545632427130695,0.036056636543613636,0.9829900095860163,0.079805014126683,0.010145022439798292,0.37520330721280004,0.023943466447320122,0.8066867588962311,0.037743493034669645,0.023875629703676775,0.15824637519145843,3,17,0.5084745762711864,0.016430522890732952
4100242003.avi,0.5288127876470194,0.0837163556387983,1.0,0.0,0.9884686966737112,0.08186947495960031,0.012013782639803332,0.9859378700455029,0.08978509338553509,0.0029006042888930312,0.37153265659934404,0.03137297407845713,0.886440715656264,0.03519257715708674,0.014120496230564864,0.05154048177789244,3,11,0.5084745762711864,0.01228879598814241
4100242032.avi,0.4397938899272355,0.012811869706738685,1.0,0.0,0.9908898959557215,0.006615300831890446,0.004021043909852981,0.9881425375739733,0.08245674277391335,0.0025096183319095675,0.4115101349354254,0.02280645225675402,0.9434176572162456,0.03511527321483079,0.004701257890846447,0.01607244093516845,3,5,0.5084745762711864,-0.0007726113435274715
4100242033.avi,0.4445276482156064,0.020771607087982882,1.0,0.0,0.9903279354174932,0.0035553159141718986,0.006607353043674,0.9872432857751846,0.08414316691047367,0.008065058356660638,0.39219581515444285,0.020733062960201856,0.9963463391674117,0.04191171847674,0.00411468053449154,0.01794135948847189,2,5,0.5084745762711864,0.000774648905259529
4100242035.avi,0.4515547879889634,0.01121665789752961,1.0,0.0,0.9917888283729553,0.00893430141343398,0.003273548549334679,0.9885040531555812,0.07821720878292693,0.001958064204517057,0.3735944998469665,0.018204439616659268,0.9589860946156361,0.026783297285805932,0.004717654135162098,0.02425004870922949,4,6,0.5084745762711864,0.003672254203197923
4100242057.avi,0.5865394766466018,0.005979876709075064,1.0,0.0,0.9750087797641754,0.010174773254079124,0.012307001337687853,0.9825243870417277,0.12700729508180503,0.0017309318081587493,0.29391932051320774,0.007295490020741323,1.0291651956771204,0.014251418154414424,0.005114861193534729,0.025586153704595358,5,5,0.5084745762711864,-0.004039753984938117
4100242063.avi,0.614014349710944,0.042308136317913365,1.0,0.0,0.9899665514628092,0.08369523614025921,0.012368841404503493,0.9854440003633499,0.12392618918615238,0.005344485681466284,0.21189915478578322,0.04835507246594583,0.9126239819670611,0.0474376759015373,0.018208939444246352,0.06077736218318431,4,18,0.5084745762711864,0.02276111013795611
4100251006.avi,0.4880132671658431,0.025007900723050584,1.0,0.0,0.9925886422395707,0.027667759856246678,0.02264212116116855,0.9946223467588424,0.11789179184377226,0.005839753045864006,0.39778274669267283,0.02555126362569674,0.9127056084425471,0.03952191227208613,0.008569377939538412,0.026832197815187066,3,19,0.5084745762711864,-0.006439797416111571
4100251016.avi,0.4618614590603169,0.029017399210490454,1.0,0.0,0.9970729996760687,0.02661463982865746,0.054923813664665616,0.9954808379213015,0.12220915758371699,0.01809465464114881,0.3567715406811086,0.04229960330563929,0.8402039974068622,0.04020164396950813,0.011859760880740412,0.0434690645975748,5,15,0.5084745762711864,-0.003869494288886265
4100251020.avi,0.4716169442756803,0.007249374087059793,1.0,0.0,0.9959704995155334,0.001966820511333037,0.0029316975777445692,0.9944679781794548,0.1398188206807376,0.0016798661333908215,0.3810245611787252,0.008735289568843958,0.8961290518979805,0.009001741454583129,0.0026212290405732753,0.006341680660371494,5,4,0.5084745762711864,-0.0002509572338867099
4100251021.avi,0.4792629118930919,0.007978267976247415,1.0,0.0,0.9960427771011988,0.005507456157039587,0.003445196446405755,0.9946429476141929,0.14092690995089424,0.0025369011282855587,0.3740329590314582,0.00991111768643366,0.8915785426015334,0.011825859420256721,0.0034274885833200154,0.01208221967761427,5,9,0.5084745762711864,0.0019101062275276403
4100251024.avi,0.4887856186632768,0.007681546877118901,1.0,0.0,0.9945886840422948,0.001959235218755523,0.0029920634564097517,0.9935976708928744,0.14860755601166234,0.002323912423055089,0.4048831838473298,0.006915644646904927,0.9226720914685471,0.007989573164561494,0.003197262709572672,0.010305325763208325,3,6,0.5084745762711864,0.0006713770189475093
4100251027.avi,0.4886074926598262,0.007347603788203388,1.0,0.0,0.9952073792616526,0.0018412970306234105,0.0020855075763623974,0.9942459245522817,0.14709719484463604,0.0020691245582483077,0.3903726333106761,0.005056243291969465,0.9091393245653526,0.009170328120505881,0.002393016113052957,0.006914013004057355,3,5,0.5084745762711864,0.0005286882034689156
4100251028.avi,0.49121355979009723,0.00872953106385598,1.0,0.0,0.9949644207954407,0.002429506345203673,0.0027075194296805713,0.9941589171687762,0.1468026365358618,0.0025133311719384675,0.3924365373806512,0.007546846578607809,0.9103168170305806,0.010584591755074722,0.0028791219054976947,0.009016145436607937,3,4,0.5084745762711864,0.00017967764238503237
4100251029.avi,0.49269581397789863,0.009458893005438732,1.0,0.0,0.9947470933198929,0.003885226448673888,0.004496730349979196,0.9941680272420247,0.14607462900833382,0.0030100856640148843,0.4005047034602031,0.009250824165649865,0.9226999913404768,0.01024557778844116,0.003780911299899208,0.012240892337653072,2,5,0.5084745762711864,-0.00013346088615051252
4100251032.avi,0.4611924596287084,0.006181882362007704,1.0,0.0,0.9960092852512995,0.0031969474312833306,0.0031615440864061753,0.9951573918263118,0.13030012820173376,0.0020373436111696514,0.41961029456282756,0.0080562946965248,0.9164347463920924,0.011177494096115204,0.0025843309395168043,0.005560106880524058,2,7,0.5084745762711864,5.0012712503284124e-05
4100251033.avi,0.46457980860860143,0.0074422679216185166,1.0,0.0,0.9960179418325424,0.0020266376978690867,0.0022691502705629667,0.9951722323894501,0.13094293983098745,0.0023983693573321713,0.41371698086420317,0.011239925444520361,0.9087394864069779,0.012002787227310676,0.0024288955858437593,0.007016642695852415,4,4,0.5084745762711864,0.00017245897340161095
4100251036.avi,0.4628198674091797,0.007084925786931968,1.0,0.0,0.9956896831591924,0.001569665737576065,0.0020321655606242808,0.9944732333223025,0.1310149436430541,0.002010230154334692,0.40215234340055445,0.007878394563093333,0.9064241075669364,0.011118849548212982,0.0025534809266627564,0.0065308064468382636,3,7,0.5084745762711864,0.0006075871710615427
4100251038.avi,0.46382176344032566,0.00725450614260036,1.0,0.0,0.9953652888536453,0.002595942561151713,0.004589346236362832,0.9944352065523465,0.1362725404629497,0.002521492573685268,0.4075485422921209,0.011018384468315283,0.9097981580169361,0.012150940464908463,0.003083693420559244,0.010088634522269052,2,4,0.5084745762711864,0.0008335083585881142
4100251041.avi,0.4832509151450778,0.005452398106689727,1.0,0.0,0.9966364622116088,0.0018627902894085668,0.0018883741916156896,0.9957857777674993,0.12386657315044027,0.002899769928954978,0.4254143798008893,0.008704127415613069,0.9014362332237683,0.01043490493179405,0.0025754271627494345,0.0062633980568475795,2,4,0.5084745762711864,0.00016308837091302862
4100251046.avi,0.5061321878543236,0.025011405070976534,1.0,0.0,0.9960371126731237,0.014525660928042425,0.038226438370771415,0.9964984585841496,0.11174725018262835,0.014919399892819585,0.42345135922464916,0.024898219182232468,0.9084631883252791,0.049959966008574073,0.00860452896225738,0.03860508637529253,4,10,0.5084745762711864,0.00991046880444707
4100251049.avi,0.5066833617158889,0.03947164364656175,1.0,0.0,0.9948044796784719,0.05016967508099251,0.07644941580550653,0.9957689821720124,0.10477746719150063,0.026170988303706035,0.3980468633916692,0.08405708984090379,0.9224040946210573,0.040388445093441194,0.019400739452702577,0.06757539285433979,3,5,0.5084745762711864,-0.00036709727985046944
4100251057.avi,0.49062521194586584,0.007411248645531118,1.0,0.0,0.9959261725346248,0.008772743062823291,0.02876754313887274,0.9954292550683022,0.13770694694211322,0.00705800959688071,0.3476492769445288,0.029964624390799794,0.904175714189835,0.017800854416976,0.005397947774677879,0.02437669333454706,4,10,0.5084745762711864,0.0024055509434541223
4100251061.avi,0.508411576631602,0.00712899362897999,1.0,0.0,0.9954763333002726,0.006468822712622795,0.00561131551786257,0.9961318199833235,0.13338233557701468,0.002486619572450397,0.3737534787069217,0.009907083939771329,0.9335139265262759,0.02105401925473387,0.004940405792034222,0.018668803458819133,2,7,0.5084745762711864,-3.0690448833154554e-06
4100251068.avi,0.5137358337071307,0.006068037283258455,1.0,0.0,0.995405383904775,0.0027392752308501227,0.002577560801005007,0.9956497594714164,0.12706137710200607,0.0024824538027724205,0.3800101254023194,0.006325450052897668,0.8915961964961746,0.013074862885005954,0.0032691645792438818,0.007519825946865252,4,7,0.5084745762711864,-0.0004251946539075963
4100252036.avi,0.4656054867887679,0.004200559309595249,1.0,0.0,0.9940668135881424,0.002336593116398156,0.0019525725537001101,0.9955423374970754,0.13164498366745858,0.0014457484822502675,0.3198928844309941,0.00484241758531109,0.8960001639216448,0.009384151646455638,0.0022599971518837726,0.008330312957002716,1,5,0.5084745762711864,-0.0005820236293141707
4100252041.avi,0.48805269169011367,0.005753531224728081,1.0,0.0,0.9931994289159775,0.002452225585303318,0.003989667827737502,0.9955368464191755,0.14455701703041102,0.0015443043958791147,0.29563024944729277,0.00471641537291151,0.9097977553473577,0.0077042426967759365,0.0025120460110924846,0.005539666821647164,1,4,0.5084745762711864,0.00025232894069079654
4100252044.avi,0.5057749176665582,0.016767820922323456,1.0,0.0,0.9923572649558385,0.015863359774054116,0.005645067473077527,0.9953713700175285,0.14256035962604852,0.001770740922766646,0.30845704290601944,0.00495473138968062,0.9100163004133438,0.008426590421442365,0.005466626963735198,0.033873667455689975,3,6,0.5084745762711864,0.004981025206800501
4100252061.avi,0.438030335284825,0.010244476205887771,1.0,0.0,0.9931195666392644,0.009607926368492909,0.004596419469530475,0.9947379390398662,0.13633414448023465,0.002481533691627743,0.29633799769652736,0.005096472671413019,0.8558778352599715,0.007650473591025332,0.0031612947918418254,0.009249959934381404,3,8,0.5084745762711864,0.00025526263280491006
4100261005.avi,0.41801953462831715,0.02098040715965611,1.0,0.0,0.9881520370642344,0.005977989122643802,0.008411966086046207,0.9827896237373352,0.06522786385982675,0.0021879738815827,0.3915461991051463,0.004489404770767147,0.7066884354320991,0.009377892820451532,0.0034731634211441244,0.009849880850211662,5,10,0.5084745762711864,-0.00032683929387003355
4100261006.avi,0.4935755033881034,0.05854275176524318,1.0,0.0,0.9853681902090708,0.027633691709947537,0.013186109768995055,0.9809018542369207,0.06418961467289493,0.002290301390708016,0.39017745112571284,0.004375379401421089,0.6944284814594416,0.015499419254115505,0.006094670445861612,0.018917755063466407,4,5,0.5084745762711864,-0.0015378250565882996
4100261027.avi,0.4510178372870148,0.038232639706673135,1.0,0.0,0.9920641561349233,0.03107212301435121,0.02663957116299373,0.9862727041045825,0.07311646944461543,0.008350795282463068,0.3173635778733086,0.022930636505175656,0.6704522658118317,0.01815573825865964,0.011928751375673745,0.0576743922146568,3,9,0.5084745762711864,0.007846102357211225
4100261030.avi,0.5503112189223966,0.027404623947447204,1.0,0.0,0.97972897986571,0.01059939582817361,0.006210896048396176,0.975927272439003,0.06350154695948913,0.0015600270210288755,0.37254431152990486,0.005064274296270478,0.6813887082408456,0.005673163736432992,0.00474574797500183,0.015108802155367803,4,5,0.5084745762711864,0.0017630005901375237
4100261034.avi,0.5257780999405659,0.0443908865884428,1.0,0.0,0.9816670477390289,0.026950372038482984,0.011870548114813967,0.9777043913801511,0.06548036640741886,0.0037418675950200253,0.3791523478681496,0.007438655421589114,0.6901119022791136,0.005918647288694499,0.00929339226189894,0.03652334582447439,4,9,0.5084745762711864,0.008426236762030739
4100261041.avi,0.47230875832211267,0.0281455533882392,1.0,0.0,0.9831742425759633,0.017599099537534683,0.014380271739850833,0.9792617018024127,0.06509412072636932,0.004202042627401475,0.39401691886068924,0.009968306658405346,0.7123842617857535,0.007192942343056903,0.007210491938653687,0.024736075552710655,2,8,0.5084745762711864,-0.0014429812341244632
4100261050.avi,0.4939658439027852,0.0064201049113977995,1.0,0.0,0.9856553137302398,0.006437741656139667,0.004341870295083462,0.9822384297847748,0.06783446451782961,0.0026454868662593653,0.4020400667429335,0.004553107417835214,0.7189139136892917,0.004848748169465214,0.0035345215182308086,0.013302062091743616,2,4,0.5084745762711864,-0.00019304448364980712
4100261056.avi,0.46293833189864736,0.07194371270263462,1.0,0.0,0.9886967559655507,0.06437626851565217,0.02465630449188732,0.9827215914924939,0.07575815244923313,0.006956007702404564,0.35477142633548975,0.022930514450083126,0.7012697296441547,0.009199908526434953,0.01036824587248106,0.04212007374863069,5,8,0.5084745762711864,-0.0018202623304285365
4100261058.avi,0.44155475404600947,0.03870008686343147,1.0,0.0,0.9878221084674199,0.01839429901228099,0.0050807358841172216,0.9831298400958379,0.08204930788580893,0.0020402087012472256,0.3335191735715442,0.0064857581368743455,0.7043478138406951,0.007249694191287441,0.006957349629204976,0.020176984948427745,3,5,0.5084745762711864,-0.0010603899137998727
4100262004.avi,0.4719029151987865,0.07915786368399717,1.0,0.0,0.9901204913854599,0.013957546589722994,0.005499673206433561,0.9844904949267705,0.07315478436943333,0.0021348537028575377,0.34677762999005585,0.015382304314906246,0.6832099484026253,0.02618066112749981,0.004983926178123202,0.014982669170583947,3,7,0.5084745762711864,-0.0029578345667394886
4100262006.avi,0.49773368146078656,0.09135902042759622,1.0,0.0,0.9896825114885967,0.01868217891959365,0.017508255824968583,0.983996589978536,0.06927275719901745,0.003763504596728917,0.37453313038552744,0.016037388690668973,0.698041504242889,0.015048296134769896,0.007778650676551948,0.023093823007127538,4,9,0.5084745762711864,0.002050311422077021
4100262034.avi,0.4917750458421864,0.06139265602979298,1.0,0.0,0.9894649922847748,0.019032769999287043,0.008421217437223263,0.9843361303210258,0.07805392534858052,0.004103700432869015,0.3573299839087485,0.010292259842421379,0.7219113045853164,0.008330134539434977,0.006850192396121165,0.015149130368103421,3,10,0.5084745762711864,-0.0012434619953045206
4100262056.avi,0.5166146396979819,0.02698027642324336,1.0,0.0,0.988218296567599,0.01392283705755548,0.017219797352072148,0.9837436258792878,0.07417068478193191,0.004943097974227213,0.39553363980452816,0.01604683019372608,0.7354707644251224,0.0068210627385673845,0.007526584501042222,0.01754604487824404,2,5,0.5084745762711864,-0.0004657521957296693
4100271038.avi,0.5409704426397643,0.021047319427412715,1.0,0.0,0.9895686278740565,0.012681664765326454,0.005427265807180554,0.9865949680407842,0.06432989598254571,0.0017879997990692636,0.37035783062728594,0.006718529189140585,0.747744683808832,0.006822151648303426,0.004406234914002538,0.021362543120056733,2,6,0.5084745762711864,-0.0011348618709759624
4100271041.avi,0.5980613036937966,0.011656917521520779,1.0,0.0,0.9921758393446605,0.006658167715723729,0.0029695840627101434,0.9868597308794658,0.07204662752299659,0.0013693224250377356,0.3582119452424568,0.004396517036691548,0.7398856781367544,0.006934328149858196,0.003435651153358058,0.008655614334283966,3,6,0.5084745762711864,-0.0005123864847807811
4100271056.avi,0.6391596834249889,0.004463794576418331,1.0,0.0,0.9917393207550049,0.0019389762134190468,0.001495147104490165,0.9850875342885653,0.0646240983670574,0.0006648670409984519,0.36000310000159513,0.0018633759830755541,0.7597883346307672,0.0036533627339839897,0.001608115372927632,0.005051535663469739,3,4,0.5084745762711864,-0.00034892295012706274
4100281032.avi,0.46980762949241367,0.022360877284147505,1.0,0.0,0.9907187908887863,0.006884147787183689,0.006914249379672506,0.9875047877430916,0.11294114241423708,0.0024626752936270785,0.34379323257789995,0.008025495291263951,0.8999787558095915,0.018083112020627495,0.004700579921484757,0.02439517613264869,4,12,0.5084745762711864,-0.0005945923232004557
4100281046.avi,0.4380870128594562,0.019369073572140433,1.0,0.0,0.988607527812322,0.011254124904291809,0.004453369955604418,0.9858041390776634,0.1124284602261245,0.0019964009935121655,0.4077635166038831,0.0075815718910137485,1.0040871663456727,0.012417961147915638,0.0039853181302616225,0.01862732340163476,3,7,0.5084745762711864,-0.0016948083667666248
4100281053.avi,0.532276611488888,0.016021861375834313,1.0,0.0,0.988306533296903,0.011017433631712648,0.008749488943919775,0.9868329763412476,0.10896937106017518,0.0017324571633000841,0.40627442445364653,0.01361593473773194,0.9948638590015347,0.014947259183246048,0.0045555628498405885,0.015937280959402292,2,3,0.5084745762711864,0.0008477120903206559
4100281067.avi,0.51781760810096,0.04370385624247254,1.0,0.0,0.9914521803458531,0.023140064987060747,0.010807679745004932,0.9894833405812581,0.10948988762151339,0.0035262186135491917,0.38122218625389465,0.018028190311171675,0.9405133981844165,0.018724567558186644,0.008592039255427546,0.049116116900290975,2,6,0.5084745762711864,0.0005623196082356566
4100281070.avi,0.45685082463307725,0.036677952120012534,1.0,0.0,0.9904022147258122,0.03248228193383338,0.005830552810924813,0.9882434611519177,0.11033543224549391,0.0025518849128001865,0.38656322052073944,0.009921119529664187,0.9286190084170093,0.01825098718062129,0.005065059474361789,0.025496762552539947,3,8,0.5084745762711864,-0.0005921482169332299
4100281076.avi,0.5085216583199685,0.006002529345017226,1.0,0.0,0.9900488366683324,0.004670602272961767,0.0019511697024562158,0.9888537337382635,0.11171125549171258,0.0010986186568392759,0.36939380395782534,0.004149178986275649,0.9708264874730204,0.008943167300967197,0.002738473366229347,0.007276807132238641,3,6,0.5084745762711864,-0.0008049956391850436
4100282009.avi,0.5036358096547182,0.016712949603211385,1.0,0.0,0.9929399152596792,0.01606908649703146,0.012375478520081105,0.9900793587168057,0.09198658664330975,0.002911208688567765,0.18475881155611093,0.019599489034785242,0.7049764203789546,0.011841423371038823,0.005085435765519575,0.014913585486030704,3,5,0.5084745762711864,-0.0009568072292968546
4100282066.avi,0.43539863881134305,0.02164756616139477,1.0,0.0,0.993715786933899,0.00761787472218123,0.00604120619105067,0.9904946848750115,0.09571462796554463,0.0014696605086422748,0.34251347005627036,0.016147220954450373,0.9275979620881449,0.01147606646925756,0.003934088061223179,0.012136779236491979,3,4,0.5084745762711864,0.0008634084332440387
4100291006.avi,0.49926649328080946,0.10521770237915105,0.9166666666666666,0.0,0.9876462241013845,0.07628378176654263,0.02041717469809393,0.987144547700882,0.08532701272323666,0.005980971473363783,0.4559645026323251,0.03477103380398998,0.911796931351944,0.05091699103998206,0.016841950106086856,0.056946390834254665,3,21,0.5084745762711864,0.016086288207436024
4100291007.avi,0.4989829739576569,0.03221353544341252,1.0,0.0,0.9877104312181473,0.036276076731208716,0.00982482260889148,0.9884393110871315,0.08369816202850326,0.004342812787453445,0.47169730103430774,0.021178219638991278,0.9625156960699338,0.018662757887325635,0.012151014941771114,0.03605902522280526,4,7,0.5084745762711864,-0.005891529331287466
4100291010.avi,0.5215314280565291,0.04485441493607358,1.0,0.0,0.9912805865208308,0.0232776798866619,0.012869882656534954,0.9877564772963524,0.09442909443384763,0.003803595653019384,0.3896925755397425,0.01278366703792561,0.8903906541963967,0.0130982244801082,0.006118469660756822,0.02108328923885953,5,4,0.5084745762711864,0.0017008142353727778
4100291019.avi,0.4702689312128788,0.011363142648421223,1.0,0.0,0.986262513200442,0.009827038000637202,0.005398091119529157,0.986875215669473,0.09143006299663876,0.002776641574260399,0.43952344761599427,0.0072652234524755764,0.9702300447926177,0.0051863082163172945,0.0036716905063075922,0.010043551372715688,3,7,0.5084745762711864,-0.0009087229668716867
4100291026.avi,0.47206810561491375,0.057645812516106974,1.0,0.0,0.9833143492539723,0.0568796510408829,0.04424967427170131,0.985601256787777,0.0896176904751045,0.009641193286323776,0.4654345567294005,0.02234763408694083,0.9762904180916371,0.02351545186741444,0.018259058606912446,0.11499057542146184,2,9,0.5084745762711864,0.013682363252435537
4100291027.avi,0.44763390870048886,0.03445717859812842,1.0,0.0,0.983088755607605,0.022253261463286288,0.009823784033460793,0.9855005403359731,0.08985450369546052,0.0025126499009613967,0.4556862355198966,0.008067621256512373,0.9772233739534805,0.005373223877467087,0.008170977887512108,0.020260643284306264,4,9,0.5084745762711864,0.0020066845290528977
4100291032.avi,0.5895430212756121,0.01745610101637485,1.0,0.0,0.9893539279699326,0.023436063716662816,0.02083301651518696,0.9881374254822731,0.09602501653562855,0.005823750654154876,0.42426060872029986,0.023020075398215246,0.9431986127871662,0.018812117203270393,0.007677500578353092,0.019846998513334546,3,9,0.5084745762711864,-0.0008156540995723502
4100291036.avi,0.570760220809103,0.04395390576953945,1.0,0.0,0.9865316271781921,0.025054214865333276,0.04460440519990507,0.9870650718609492,0.09864341966907966,0.009536345629890378,0.4045852428931101,0.056923421836729146,0.9459707707053635,0.01784318907543868,0.00885314485010902,0.08176738367803288,2,13,0.5084745762711864,0.007408116619470807
4100291041.avi,0.4495744114424338,0.04749003203253831,1.0,0.0,0.9914426823457082,0.04051386084504703,0.04030588725479429,0.9883934269348781,0.10294105615645127,0.010080570505330644,0.3921735804994719,0.04887540171129427,0.9535123775824462,0.020153092759137337,0.009570169068435322,0.038609527359976116,4,15,0.5084745762711864,0.0035683378579748643
4100291070.avi,0.4406241641103366,0.023648657544501336,1.0,0.0,0.9862445662419002,0.02361725679702052,0.008539723360168264,0.9856116086244583,0.10188168921042905,0.0022269298837125535,0.3745075419721583,0.008484561036025143,0.9607744337238354,0.015047275986252493,0.007838460799504569,0.029967081386875687,3,20,0.5084745762711864,0.005012315547356677
4100291073.avi,0.4684644949713457,0.009996814301785692,1.0,0.0,0.9877204199632009,0.0035677371280230905,0.004283845057261309,0.9871373842159907,0.09481828238254107,0.0012956529948028653,0.3874338915578222,0.004530125610818097,0.9065338870580911,0.004906574845706007,0.0028167144991148828,0.00831603717388341,4,6,0.5084745762711864,-0.0011314476236084473
4100291078.avi,0.37606732048445596,0.01786924190709759,1.0,0.0,0.987358977397283,0.01028788892812624,0.00640791704333972,0.9843940625588099,0.10114075254286053,0.001286571911506883,0.3388025880787927,0.006147974256439164,0.8890897708454223,0.007224880002396155,0.0067573081347019745,0.04454927342720737,1,7,0.5084745762711864,-0.005192474070047287
4100291081.avi,0.38723930250717525,0.07491494430222709,0.7666666666666667,0.0,0.9900747239589691,0.04374352865834076,0.00997396189200685,0.9835677678386371,0.09553441763312367,0.0021012606410601158,0.35277107210409786,0.011444771099175377,0.8601297534644426,0.01958129031413758,0.009052906478375984,0.06058352740202989,2,9,0.5084745762711864,0.004241094920958459
4100291082.avi,0.3691671971131218,0.02801887900910124,0.9333333333333333,0.0,0.9903600653012593,0.014115419072978976,0.010717599431461517,0.983200574417909,0.09650219764013403,0.0023639602499767242,0.3521859475996204,0.00806261398186597,0.879040084146458,0.012903672555609499,0.007111100493216311,0.01737613972199049,3,9,0.5084745762711864,-0.0030100074195792345
4100291084.avi,0.3706453835702981,0.035840303080588755,1.0,0.0,0.9898830314477285,0.026299918918954064,0.004373409003767326,0.9830987041195234,0.10035787749195714,0.00260902615739283,0.34547778046970484,0.006688482637471967,0.882410401630107,0.01604248084095233,0.007054823541046797,0.03320952610249184,2,10,0.5084745762711864,-0.002841134919382516
4100292048.avi,0.5046575033354709,0.05272708966443905,1.0,0.0,0.9874966740608215,0.0909257752044507,0.062346375080380885,0.9871410513917606,0.10281876808412367,0.006487253134549828,0.34763048362000365,0.05623490586719935,0.8845845207528354,0.03694380101191692,0.026236837113632127,0.20153766737140277,5,19,0.5084745762711864,0.04254434438331346
4100302013.avi,0.5182274149624689,0.018171279588870503,1.0,0.0,0.9942052364349365,0.05013449902603845,0.04254188997518755,0.9895318622390429,0.04351639784045591,0.00512162277154692,0.3706874852402934,0.013865198289341126,0.7406460234437826,0.011900515054109646,0.054896662353473215,0.1621506895298189,0,6,0.5084745762711864,0.002395803711138997
4100302016.avi,0.549962424541996,0.04716610702480629,1.0,0.0,0.9915536850690841,0.06257512465894904,0.043810067069456095,0.9849166110157966,0.035303792919593846,0.00446597625444334,0.42221492695969315,0.03714439549004558,0.8205004228797476,0.06078757348671246,0.02483935932613363,0.14411149539246806,3,6,0.5084745762711864,0.007845550992701563
4100302018.avi,0.5154969880859486,0.011453379557775268,1.0,0.0,0.9932165026664734,0.03165696792710498,0.02794306904772529,0.9875109190742175,0.03364555649364375,0.00430190398651785,0.38030658120935096,0.009374803701860467,0.7231841770339057,0.009336512063553562,0.034463409935771565,0.15319642923372687,8,6,0.5084745762711864,-0.01661951824333868
4100302030.avi,0.5591530487404308,0.022532841703083235,1.0,0.0,0.9914938628673553,0.013741264420636674,0.01013682736728791,0.9883977984388669,0.09984402730061957,0.0023295220419232367,0.4302862716959483,0.010305996968477176,1.0041463374630768,0.019142906091905252,0.0040086534304580295,0.028926316227401522,4,6,0.5084745762711864,0.0029542221461621946
4100302040.avi,0.49525417234229363,0.0058755853402309806,1.0,0.0,0.9896398425102234,0.00489158893264225,0.005924663466470453,0.9864268879095713,0.11642002231274727,0.0019682147382355988,0.2840705344532851,0.007401662186055491,1.015255890920975,0.01778320753450287,0.004889769721930844,0.024136823523985846,2,4,0.5084745762711864,0.0013026899636304646
4100302042.avi,0.5320223281383502,0.005290501221875509,1.0,0.0,0.9944410612185796,0.003648912572682021,0.0036571696063880904,0.9905724411209424,0.05025790331095412,0.0030306795437272964,0.5735627334292168,0.008169829347083284,1.0774912107976926,0.0139824017986355,0.004929508668830474,0.014216514782278322,2,7,0.5084745762711864,-0.00011947249716010976
4100302043.avi,0.37669585504129466,0.08741687613279504,0.8833333333333333,0.0,0.9945970207452774,0.05846117067428736,0.0262993588857241,0.9895870248476665,0.0632812178714385,0.006346101639489813,0.5818685956382074,0.007213295480817304,1.095655891236518,0.013669638923303567,0.006649964586364788,0.06474814068343974,3,4,0.5084745762711864,-0.006219051259978844
4100302044.avi,0.37607611880791025,0.004706090122192979,1.0,0.0,0.994313249985377,0.0034807501859176566,0.0038523339454691794,0.9899027620752653,0.06375760881018831,0.002107243990557836,0.5899059746460151,0.006013229529554194,1.1174365706121205,0.009532810140902459,0.003253707452369769,0.009289249713706198,3,5,0.5084745762711864,-0.00034230459073060623
4100302045.avi,0.4095592226536206,0.04181449461988908,1.0,0.0,0.9943801363309225,0.03145735511604052,0.01574210200451845,0.990129450460275,0.057008676491930706,0.005033671750588566,0.5983873356403429,0.006826203922118649,1.1154553914123932,0.014927918816833497,0.00538558986313584,0.024631920315399406,3,6,0.5084745762711864,0.005020747796776451
4100302048.avi,0.4759030280170196,0.006987598322236442,1.0,0.0,0.9943792770306269,0.004438141439696587,0.007564606320727217,0.9904243056972821,0.045028973807265824,0.0030694732349229254,0.5885304247188013,0.00717019024208594,1.0905034065933237,0.012094755460785322,0.005308487568336268,0.039378369542734944,2,6,0.5084745762711864,-0.0048921656487113715
4100302055.avi,0.5222957086332359,0.006001343972338144,1.0,0.0,0.9919980237881343,0.00311718914175163,0.00312376005871094,0.9899436121185621,0.054265280495006354,0.002718919804109101,0.5741649682989868,0.010074992359428088,1.0782930283854761,0.01726599360107613,0.003489454171041006,0.009289992698908517,5,4,0.5084745762711864,-0.0010033955525612557
4100302058.avi,0.3590217873787836,0.11514733446535554,0.4,0.0,0.9901094883680344,0.10580285577917639,0.05536884441673827,0.9830631121993065,0.06414830762598324,0.011474391169973785,0.5268518996597333,0.030939817268103686,1.0899132530206317,0.03711418911768791,0.014268634394953824,0.12025200070603251,3,10,0.5084745762711864,0.01617529654093631
4100302064.avi,0.5081381975403757,0.02979235961074334,1.0,0.0,0.9934049993753433,0.04147727079973544,0.04558213128948136,0.9907455081741016,0.06185880180591941,0.027146640557642876,0.5265674432248904,0.07549048453802756,1.056918438855938,0.051177623909259604,0.016671328996318603,0.056365751653463775,4,12,0.5084745762711864,0.004454242562499714
4100302066.avi,0.5363538130285532,0.009928026250416666,1.0,0.0,0.9928099274635315,0.008237623555265326,0.0046549768494778135,0.9900799329082172,0.04523887811529329,0.005123865893539577,0.5584521889630378,0.01312187771910292,1.075304501774975,0.03232853821512013,0.009583596354280773,0.025243925406674046,1,5,0.5084745762711864,0.0005495041965694874
4100321001.avi,0.5462443231961646,0.018798356260972017,1.0,0.0,0.9786900222301483,0.03650299431769041,0.01675626373604235,0.9873413677016895,0.12221876564759843,0.0030561229203286897,0.4298328866442718,0.04425574554662037,1.1134528521245979,0.10066454257330922,0.007406426249682062,0.04006488369403785,3,6,0.5084745762711864,0.008798432405186768
4100321009.avi,0.5583638381281113,0.04699074459731929,1.0,0.0,0.9810225466887156,0.06835583063358605,0.07611172546251593,0.9880033155282338,0.11117469865827227,0.016802380675854916,0.46479569622229533,0.07689643786650088,1.0726234196337043,0.034591657655681514,0.020115544000394434,0.12218197438353987,4,8,0.5084745762711864,-0.016660554801637303
4100321019.avi,0.47301405578035677,0.0068758017677092095,1.0,0.0,0.9756367335716883,0.005886704727813793,0.01669945970361337,0.9866666888197263,0.12994608320575976,0.005166417214553911,0.38529486251170625,0.02055503795545341,1.0990317717858809,0.03104985272591928,0.016078189540567386,0.03150442713544784,1,5,0.5084745762711864,0.00052142342193192
4100321042.avi,0.43138706097295737,0.006029420493981552,1.0,0.0,0.9750222623348236,0.00837920792181566,0.016047483668486198,0.9834206561247508,0.13479895892953797,0.003569296721013691,0.32036357342316996,0.018928187607083622,1.0508887814665893,0.012753569729758722,0.006227406394771705,0.028066444184060846,3,7,0.5084745762711864,0.002793473911870478
4100321043.avi,0.39836667922888874,0.009282117903740662,1.0,0.0,0.9751085082689921,0.0064513333649558625,0.005065073330844266,0.9822713240981102,0.142133567286936,0.0012410583379922522,0.3049868643157598,0.00852545725205269,1.064644390509136,0.007438004236584789,0.003633347365392544,0.016503939895245803,2,8,0.5084745762711864,-0.0021149225984576146
4100321044.avi,0.40222951949951374,0.03999459965590399,1.0,0.0,0.9758763800064723,0.02483152406770673,0.02748175720172541,0.9824292133251826,0.13954807123130336,0.003851451123295667,0.29833037931140216,0.025372485406768043,1.0512227335863757,0.03176811887102145,0.009606976099385968,0.030153075240289193,4,11,0.5084745762711864,0.0032726039457230596
4100322032.avi,0.5411881684738843,0.02008655370591188,1.0,0.0,0.9629989773035049,0.011750288303348344,0.008238561320582578,0.9797641346851985,0.13976707477175385,0.002552723083764559,0.2490346349058009,0.008100333856851489,1.0099532523883212,0.01653640497813909,0.00596894621223709,0.01921226171248299,5,8,0.5084745762711864,0.0010081515580343085
4110211001.avi,0.5428821823571738,0.01252048935829052,1.0,0.0,0.9916869213183721,0.026369211044583556,0.013216929060751578,0.9935300827026368,0.1109491382627573,0.004584719946370453,0.33117630235689516,0.021340020511939634,0.9097667988190762,0.03677701596881598,0.009100035082151316,0.033968348325747404,5,9,0.5084745762711864,0.0019144343324202576
4110211004.avi,0.5344555758261751,0.005452133554296097,1.0,0.0,0.9950699696938197,0.007594837194632979,0.004280828020970302,0.9949952488144239,0.11365520167769012,0.0019728416907212726,0.3592255166908903,0.01057706814791516,0.9050448821431928,0.009927843971312866,0.0030288120281917424,0.01236202594290206,2,5,0.5084745762711864,0.00036841474635943396
4110211005.avi,0.5364154464115243,0.007134397722549666,1.0,0.0,0.9957311143477757,0.005014044522035492,0.006835104201746002,0.9954956715305646,0.11487194689925667,0.0026107999647725284,0.35178643490707906,0.007754781199613093,0.911850172958684,0.009003519713649434,0.003090208209106439,0.0085928614906366,3,7,0.5084745762711864,-0.0007198246466802497
4110211013.avi,0.5247065417751874,0.004403309952840633,1.0,0.0,0.9957873721917471,0.0029484413588976694,0.0020370032705220435,0.9954598695039749,0.11738426666619718,0.0017852244885488743,0.3650273454063054,0.0074618564264510995,0.9092211211936135,0.00822694429369682,0.00286332419301955,0.008889959640539825,2,7,0.5084745762711864,0.00035705369572662776
4110211014.avi,0.52837068430915,0.003956112777659689,1.0,0.0,0.9959232956171036,0.0016646031202226768,0.0020961288576582136,0.9955408881107967,0.1171845355558062,0.0015148183004882164,0.36436824272182566,0.008287648061077194,0.898748934173418,0.008675310471524833,0.002528467746770653,0.007189491189280392,4,7,0.5084745762711864,0.0002566435066450228
4110211015.avi,0.5168060372551823,0.007237178369490584,1.0,0.0,0.9957021246353785,0.0034817617050268354,0.010818639377985136,0.9951920643448829,0.11587291270451644,0.003665368403591038,0.3807237979954684,0.014414711026239958,0.8986189324214264,0.014192367733508226,0.004521024562493579,0.024391359769053322,3,6,0.5084745762711864,0.0030235067048335483
4110211021.avi,0.5968364383438669,0.007851477300631437,1.0,0.0,0.9920845746994018,0.002858368177406418,0.00247278342987502,0.9917388200759888,0.109387193593469,0.0012273855638485092,0.3681862617688313,0.0067005865526021885,0.8987634835378018,0.006210518312583099,0.0027537290372195928,0.008320002762378256,4,5,0.5084745762711864,-0.001057613738082678
4110211022.avi,0.5980476211160962,0.0056105910182741026,1.0,0.0,0.9917962044477463,0.0024920767455085795,0.0024242606313832813,0.9915228794018428,0.11082933656160113,0.0012657264115451948,0.36774066029794095,0.0059496136109946215,0.9059832128720928,0.00812782801464511,0.002768094401415167,0.0060511775611239785,2,5,0.5084745762711864,0.0005794720771314116
4110211023.avi,0.5954236630563765,0.006090245756571121,1.0,0.0,0.9917491843303045,0.002263009768024203,0.002449587501646883,0.9914814795056979,0.11158277503643883,0.0013687137051659084,0.3681097120685154,0.007608420260656903,0.9110404870680033,0.008604160685347275,0.0026382778870224313,0.008293358333927057,4,5,0.5084745762711864,0.000560681835813375
4110211025.avi,0.6132512293725261,0.00790095967439029,1.0,0.0,0.9923308243354162,0.0047147380402459815,0.007753495590969777,0.9914023647705714,0.11120498460981133,0.0013700716195360811,0.3620939358967472,0.01088060336258316,0.9004141839613521,0.007578885983639474,0.0036984282464186872,0.026371465836573578,1,7,0.5084745762711864,-0.0012607753747378172
4110211027.avi,0.600278245920576,0.005134162386593072,1.0,0.0,0.991669949889183,0.0025712144739665813,0.0017345801847522518,0.991296756764253,0.11400507396332338,0.0010572226342070543,0.3573090291971985,0.004923898671850209,0.9188052525851415,0.007360500467914677,0.0025975701411926557,0.013776776912556648,2,7,0.5084745762711864,-0.00026243631831283183
4110211028.avi,0.6014851859076195,0.008285364461241538,1.0,0.0,0.9915986766417821,0.00561457851735165,0.0017844599481142396,0.9912264709671338,0.11504948728395196,0.0011752981660593607,0.3538164597284087,0.008504153900764921,0.9192473746131655,0.008350215437104604,0.00286485403941688,0.01847244303623524,2,8,0.5084745762711864,0.0012949987534635055
4110211036.avi,0.5261175664565744,0.016509847583901154,1.0,0.0,0.9923319518566132,0.010509254509441813,0.014512478676417832,0.9925170342127482,0.1075792008535894,0.004093302993642174,0.4016752348560636,0.013687756511611748,0.9092073595862458,0.010210312676461723,0.007016954014172554,0.03557667229331688,4,11,0.5084745762711864,-0.008178960261881418
4110211038.avi,0.5410525455673417,0.013678785872713008,1.0,0.0,0.990708781282107,0.01851331602536526,0.023134966668325752,0.9913888663053513,0.11739274655473778,0.0050876392549850154,0.35960216065576583,0.02498027699721368,0.9172888583544395,0.012907801771794365,0.0057346443824696225,0.03675133179755439,5,7,0.5084745762711864,-0.005044612156229247
4110211039.avi,0.5585169650394181,0.011122997037865444,1.0,0.0,0.9913969427347183,0.002816202011851658,0.003989217042083739,0.9916691799958547,0.12177617736400102,0.002302147637232089,0.35891710122221104,0.013202097490093328,0.9000920157783315,0.010307359452140622,0.00256578860603054,0.006599851938070464,2,5,0.5084745762711864,0.0001596664907487621
4110211040.avi,0.5630580964765612,0.00836128765848967,1.0,0.0,0.9912986576557159,0.0021602919170676236,0.0033563738469978423,0.9916872158646584,0.12287169393237467,0.0018663672969276527,0.3512364497292321,0.015158514169952541,0.9003962784647321,0.00880603022158955,0.003319061961908394,0.009662823336579092,3,7,0.5084745762711864,-0.0006231314426373585
4110211045.avi,0.5531188778721784,0.007130097426640673,1.0,0.0,0.9886917392412822,0.005358985080357031,0.0055541667734258435,0.9908767436941465,0.13644230292974685,0.003089519653566389,0.2576864262056497,0.017862628710757496,0.916111359086506,0.029934380766467886,0.002780554127643118,0.007784347584608646,2,8,0.5084745762711864,-0.0008022310462107215
4110211053.avi,0.5435471266278387,0.005874382039827751,1.0,0.0,0.9958836476008097,0.0019368456338695714,0.003973242947640177,0.995428973933061,0.12138714346415193,0.002272349116553394,0.292665076097364,0.009959224213317894,0.8596843978617978,0.01224280258522405,0.0027334345876666496,0.0068811638936941,3,6,0.5084745762711864,-8.741597183160865e-05
4110211055.avi,0.5420629431581626,0.005254211494310133,1.0,0.0,0.9954895039399465,0.002115154400818449,0.0023462327439493207,0.9953859726587931,0.12376666941054391,0.0018438904072939069,0.30845501838035005,0.01117182060321115,0.8818594611215481,0.011309259310489974,0.0023557138606573346,0.006320201531298863,3,6,0.5084745762711864,-1.0623143296282361e-05
4110211061.avi,0.5662426588594228,0.007686283465623047,1.0,0.0,0.9949114233255386,0.009419031041039062,0.009701710149963579,0.9947913701335589,0.12793481916554153,0.0025407438799427,0.32534908904921883,0.009363752708718838,0.9061131665923877,0.01758125237139024,0.007589738309648379,0.06076279731937025,4,5,0.5084745762711864,-0.008717866480187866
4110211075.avi,0.5179762612706553,0.016219823512157786,1.0,0.0,0.9902050773302714,0.01074084727756776,0.01987645015719776,0.9923909063140551,0.10922149950459709,0.00490610014970059,0.3446938740191443,0.025970404988096784,0.9453864727111373,0.039899517662205695,0.006303319841746393,0.03700224601882279,3,7,0.5084745762711864,-0.006208640103479322
4110211078.avi,0.5289151806322185,0.010164594572044201,1.0,0.0,0.9853885491689046,0.0048219720618125584,0.0035657570282057135,0.9901762500405311,0.11248678348890429,0.002116522813857125,0.3342526846473282,0.009514027321827169,0.9866282149658268,0.017108997909339965,0.004688231428339912,0.013048336950395284,4,7,0.5084745762711864,-0.00026097642093011325
4110212034.avi,0.5006231467747135,0.011989102891227482,1.0,0.0,0.993745145201683,0.00692589351213118,0.009872732568248542,0.9932567725578944,0.08838645453493836,0.002801482926803515,0.363063287715984,0.016400748092377928,0.9112406906080649,0.010842186637405452,0.003994972214097387,0.016577343059887895,3,5,0.5084745762711864,0.0017952685717133104
4110212036.avi,0.5308977398635163,0.04102733945161552,1.0,0.0,0.993695401151975,0.08506906156043642,0.06172847774643112,0.9931054120262464,0.10559687342458425,0.016180388866567377,0.31854320153888327,0.05899364093917909,0.9043738835137471,0.024551891431806187,0.013655753957293409,0.08720074819680891,6,12,0.5084745762711864,-0.02085479265496911
4110212049.avi,0.5424355007239561,0.0045832620960566525,1.0,0.0,0.9934765378634135,0.004713675360348787,0.005175473969664098,0.9935293331742286,0.1184829942243329,0.002044046873783781,0.27399070795135594,0.014171747247624841,0.920706889010734,0.013206358110976795,0.004077547152873661,0.0138960366963029,3,6,0.5084745762711864,0.0011311935395926596
4110212051.avi,0.5332197551413907,0.005647829050337327,1.0,0.0,0.9937620709339777,0.0026455893147610703,0.0027764130403701097,0.9941913048426311,0.11659026385089963,0.0015373800439052385,0.29017695217655265,0.006839883669835097,0.949233928160358,0.007038612999370512,0.003182773632235642,0.010379317967112275,3,4,0.5084745762711864,-0.0007102953742270527
4110212062.avi,0.5560208297669127,0.007360072229584071,1.0,0.0,0.9915964325269063,0.008532409397485652,0.012188903142959236,0.9925480286280314,0.11823873759899221,0.003416900773592876,0.29177651550197303,0.015830341636638722,0.9192320919322473,0.014561716364938271,0.004800196525084031,0.014531656139574096,3,5,0.5084745762711864,0.0012367879937330252
4110311001.avi,0.5028766045818194,0.01536362515447448,1.0,0.0,0.9886612325906754,0.01328415756311833,0.01257879937339731,0.987826352318128,0.09668228429112297,0.002176254538461692,0.19226163673384228,0.014981130212743434,0.8425998065106276,0.013481147091649362,0.005401775601420411,0.017551941100102608,3,6,0.5084745762711864,0.00024269939500760375
4110311003.avi,0.4965595654411634,0.00918803242481844,1.0,0.0,0.9894247114658355,0.007367421784513314,0.004272384342357236,0.9883560433983802,0.09359013655004393,0.0015229552300121453,0.2217028725522037,0.005326406312215804,0.8401179257400363,0.00668266319656611,0.0029293566762642214,0.007559597457369277,4,4,0.5084745762711864,-0.00018338485343374292
4110311006.avi,0.4921214078610132,0.04781260593890968,1.0,0.0,0.9882325539986293,0.023514657398317065,0.006170968196850781,0.9865384077032407,0.07015537707753614,0.0041304378153946926,0.3457742046448547,0.014503766120057496,0.8588853419061324,0.013627694397542451,0.00710474236837887,0.01911804250891998,2,6,0.5084745762711864,0.0006094314129069713
4110311023.avi,0.4040531977627941,0.03244073119967536,0.9833333333333333,0.0,0.9891347428162892,0.024602985967021065,0.029169201339036874,0.9895026008288066,0.11796043529517165,0.0030185647499638563,0.29135510839407924,0.017120597647703312,1.0557808612511752,0.031238451139945646,0.012966432030866958,0.07600166829846831,2,8,0.5084745762711864,0.009301373452630917
4110311045.avi,0.4520850411624677,0.021149947820330934,1.0,0.0,0.9896342843770981,0.04520063585124498,0.03813468791389063,0.9911303202311198,0.12363167686620447,0.006486698143230278,0.24052494609345454,0.02785423665684455,0.9531179148968012,0.031513122331129975,0.012143777719359511,0.05534328257873463,5,7,0.5084745762711864,-0.010341671710052368
4110311048.avi,0.4440417931162919,0.0242919216340228,1.0,0.0,0.990316688021024,0.025688687361976888,0.05289099089807356,0.9914421339829763,0.12217384231742279,0.008010924404486424,0.24655144768901227,0.05098611223865112,0.9503894103940402,0.011543547239137851,0.009895846719464592,0.05872225519952769,4,13,0.5084745762711864,0.012405403842747294
4110311054.avi,0.4192003173857451,0.019208077774025306,1.0,0.0,0.9885458161433538,0.017112810364540782,0.049865332827511356,0.9892327845096588,0.12723673183225573,0.0073996799130673285,0.21686326065751213,0.06552717590881212,0.9738402910327328,0.02020123335476703,0.007539226075732009,0.02858513212194739,4,5,0.5084745762711864,0.002982430808057393
4110311062.avi,0.4024284539301055,0.009139323156099551,1.0,0.0,0.9923700501521429,0.0051447799126954005,0.005687078028467324,0.9912019158403079,0.11663205019510783,0.0019513581578195706,0.30212241905176035,0.009125554968714663,0.9384354869629824,0.01996986332474462,0.005467537291276781,0.02097797401658091,3,6,0.5084745762711864,0.00042222420137920727
4110312009.avi,0.47111974459106803,0.02107975999185882,1.0,0.0,0.9870318075021108,0.021717368536230023,0.04296993695008686,0.9896938716371854,0.11723524211168128,0.004499389539311781,0.27529210452681646,0.023502352051544755,0.9600799621138392,0.04451507665230383,0.0093737069045905,0.09352802433767766,2,7,0.5084745762711864,0.013188025095284453
414081010.avi,0.5329170691794057,0.02679958651530626,1.0,0.0,0.957096740603447,0.0615305438884997,0.03618464713981712,0.9824037233988444,0.13085916935063302,0.014103250764135307,0.475081411616414,-1.0,0.9333589812140142,-1.0,0.02887750784848057,0.11827872029061383,3,14,0.5084745762711864,-0.028858437933767998
414081011.avi,0.48752527630579223,0.0308466005295034,1.0,0.0,0.9606022586425146,0.32559939155244155,0.2878157242197592,0.9834702303012212,0.12649955277924968,0.019630235288075032,0.47413403353676675,0.05279255961966929,1.099808191730623,0.05396388274849485,0.0660680423671682,0.5328037468487671,1,16,0.5084745762711864,0.09188932740224334
4140810153.avi,0.6464181145978004,0.00435993060483346,1.0,-1.0,0.9467062284549077,0.005138822159486509,0.004827125292549803,0.974675336976846,0.14445712244759304,0.002580488156073486,-1.0,-1.0,-1.0,-1.0,0.005609245521485737,0.013686879434494684,3,8,0.5084745762711864,0.0025363138039470315
4140810162.avi,0.41235789678862034,0.06811814069547027,0.9830508474576272,0.0,0.963602414727211,0.17130766102810868,0.09348959693848657,0.980821105837822,0.15356612067171851,0.011889716562254654,0.3174023182317282,0.039730163099254576,1.1062976791652555,0.019510730926923233,0.02387318275474994,0.13700670065991913,3,13,0.5084745762711864,-0.01618592385910671
4140810210.avi,0.520887136383557,0.04115418585641565,1.0,0.0,0.9651186188062032,0.04527931207365265,0.0626412986628949,0.9843124250570933,0.1343531610807782,0.010125811494939307,0.3490566193002256,0.020319610451203035,1.0270292610316103,0.04075602062088618,0.021672367371684053,0.07681360591934536,1,17,0.5084745762711864,0.017400646591419745
4140810217.avi,0.5506889317534553,0.00661494248063019,1.0,0.0,0.9529689063628515,0.006918260784178964,0.004077308918960823,0.9792426158984502,0.13591147755221478,0.002039068898182182,0.3834488397593951,-1.0,0.9894926760009888,-1.0,0.006469519415808645,0.014578561922499527,2,7,0.5084745762711864,-0.0005777696962522855
4140810219.avi,0.553801970854898,0.008317486136879814,1.0,0.0,0.9534641851981481,0.006517804315839634,0.0031026011128610365,0.9795961678028107,0.13934602823045167,0.002056097144463315,0.3762078358444053,0.0008635995186704604,0.9923029080599022,0.008204421088984504,0.005353316371840901,0.014885341073223198,1,6,0.5084745762711864,0.001057080838323645
4140810272.avi,0.5471574388822441,0.0610728717279315,1.0,0.0,0.9506250063578288,0.37139134290868503,0.5114522706781404,0.9757747814059258,0.14886774917574172,0.025145952200506604,0.49728293692786346,0.03400794251530822,1.0675911673422882,0.04959886937837768,0.06984724864016179,0.28478979985764896,5,6,0.5084745762711864,0.07577853206557608
459999011.avi,0.4684747971740473,0.020626788648959817,1.0,0.0,0.9770739287137985,0.009038611451235136,0.005678574236408311,0.9787855640053749,0.09273007215638379,0.0020028772875781533,0.4861108218545252,0.005067745991114042,0.8820239108451855,0.006584560654543731,0.004031502971717962,0.012395335514395648,3,6,0.5084745762711864,-0.000503559969823218
4599990110.avi,0.4847651490247655,0.004493681256748146,1.0,0.0,0.9691612869501114,0.0022087817518468634,0.002461549061500092,0.9736362377802531,0.09472162077433886,0.0013979363244641778,0.48056110450110795,0.002610171107537886,0.9306391098771588,0.006124739531403308,0.0032463743239257276,0.009737731908125002,5,6,0.5084745762711864,0.00034323599438061984
4599990132.avi,0.43675409653215985,0.005701150009782479,1.0,0.0,0.96729876101017,0.003544460204574197,0.003130548942029991,0.9720978602766991,0.09921225102068078,0.0014155153207046345,0.4857380323734617,0.00285513324560589,0.9524517545261763,0.007198334312746226,0.0038781941011237376,0.01404106280174854,2,4,0.5084745762711864,-0.00010160659420462795
4599990235.avi,0.4998379589978443,0.005213298175866878,1.0,0.0,0.9660907328128815,0.0032657746040071945,0.003290294541605085,0.97692036430041,0.11297514290975111,0.0012775361574293455,0.4744152449755535,0.0030733108914259124,0.9906941119642091,0.010284309510041204,0.003841920849373469,0.012955907814168641,3,3,0.5084745762711864,0.0003895027460721779
5000391017.avi,0.5405196488607594,0.007395528789014799,1.0,0.0,0.9808329085508982,0.005463399947130032,0.00291846958583066,0.9837352434794108,0.09428330191085021,0.0015355849919800474,0.35709560931626716,0.0027703888924021317,0.8269476328767601,0.004515186043399985,0.002274801140666861,0.005086412972445128,3,4,0.5084745762711864,-0.00019543961103706074
5000391045.avi,0.5757333782015814,0.012486012831291566,1.0,0.0,0.984309521317482,0.016257034001915388,0.0049114102624167825,0.9870722765723864,0.09538987289164066,0.0015809139181483104,0.3820604319695236,0.006648967733533819,0.8114234695407825,0.009496888237242724,0.0033402678512180115,0.01026689954888453,2,7,0.5084745762711864,-0.000571342504436325
5000391055.avi,0.5340468133238232,0.003551029149039978,1.0,0.0,0.9811547408501308,0.0027003026988231004,0.0018301843525176792,0.9858450457453728,0.0827891805053074,0.0011705387210207202,0.42274083889689096,0.003096704030128121,0.812404583074753,0.0044520493520609555,0.002728799865599844,0.007863001170137792,5,6,0.5084745762711864,-0.00034148956444910155
5000391056.avi,0.5331111561359545,0.0030054554329026727,1.0,0.0,0.9809810439745585,0.0021199708945583524,0.0019941389211144897,0.9856344948212306,0.08280924683058838,0.0011457800035677903,0.4209590326423446,0.0027872071961798257,0.8106850297647867,0.0035539912766431227,0.0026786458893869377,0.010157528893526996,1,6,0.5084745762711864,-0.00042673123656305524
5000391060.avi,0.528908041926361,0.003482257607293548,1.0,0.0,0.9831474989652633,0.0023006977544866975,0.002964246619065054,0.9868407373627027,0.08035154615989357,0.0016378966218946,0.4198582731661833,0.0020182762466213044,0.8077061024231783,0.005824341170312771,0.002838386914198718,0.012318265956370889,4,5,0.5084745762711864,0.0003964386534759455
5000392033.avi,0.622281554074816,0.004225451346698085,1.0,0.0,0.983227523167928,0.0027096261546222106,0.00260321154939662,0.9824972862998644,0.09225977026242958,0.0016938584108655036,0.39482450349132986,0.0026629507182140987,0.8006063808644677,0.003881264567888738,0.0023641309458196837,0.005702944131322493,2,6,0.5084745762711864,0.0008562420166701526
5000392052.avi,0.5661830854433474,0.008212315812716205,1.0,0.0,0.98111425836881,0.0020355134438642,0.0037365555070610567,0.9825360263387363,0.06797686600725436,0.002080427539886771,0.4255315609601578,0.0026768789413803974,0.7617357199856506,0.004807435970411541,0.002838825749272233,0.011895227680317685,4,5,0.5084745762711864,-0.0016205243727245551
5000392060.avi,0.5597573967073163,0.0032896499533547185,1.0,0.0,0.9793409198522568,0.0020109516404318377,0.0025823024999739605,0.9815320680538814,0.06797634284944871,0.001504733502453051,0.43091598866046454,0.0023097050814425133,0.7682993888806987,0.003935488131603192,0.002309496227977412,0.008515609402061999,3,6,0.5084745762711864,-0.0004374663675517096
5000441001.avi,0.5231524201236132,0.019686798633750398,1.0,0.0,0.9902125567197799,0.011601353011758221,0.04688879531656532,0.9844434122244518,0.06161092040235217,0.005865877611431495,0.35843355749213696,0.01655245913959223,0.6707908807892307,0.015510327178291455,0.009897185591564267,0.06848948447168764,4,13,0.5084745762711864,-0.009540604423334244
5000441002.avi,0.5266339888005062,0.02667351117377748,1.0,0.0,0.9887984285751978,0.05820230782982007,0.08540277637397567,0.9835672080516815,0.056177052968642685,0.0048910157756462125,0.36819534096069056,0.008558619193885014,0.6532941596364172,0.021092344179964025,0.018102167028935436,0.13503869357804843,2,17,0.5084745762711864,0.0079987119623098
5000441003.avi,0.5097633790828957,0.01320916921266292,1.0,0.0,0.99038292268912,0.004423562687805891,0.011643260295896664,0.9842612847685814,0.055200269274312874,0.002235430373080082,0.34621382652303007,0.00739403736056318,0.6118311996460937,0.0032459007290824853,0.0028670456695241474,0.021456360515636028,3,8,0.5084745762711864,-0.0022877334626447655
5000441005.avi,0.5183761871139778,0.007000370539268863,1.0,0.0,0.9903161664803822,0.0029393469740462146,0.0029898636437004486,0.9844146778186162,0.054740536656009905,0.0011850938969636977,0.350956169791748,0.003479654644525816,0.615088221067932,0.002766113439585055,0.0019362657001987021,0.005333450495923871,4,7,0.5084745762711864,-2.7309656263827236e-06
5000441006.avi,0.5285272419746796,0.005382149535518027,1.0,0.0,0.9899220198392868,0.0014206468528259648,0.0020375682016973984,0.984239761531353,0.05649422563974056,0.0009161759427029756,0.3507652091750899,0.0021625075215682037,0.6182302762336273,0.0018349510534732731,0.001920194593595013,0.004919729944561909,4,7,0.5084745762711864,0.00036495215528985474
5000441007.avi,0.5312809290359546,0.0044524756356513675,1.0,0.0,0.9896762520074844,0.001365687721913858,0.00209959536891372,0.9838840380311012,0.056094115303058155,0.0005331397667177137,0.35162701834366256,0.0017521555615012067,0.6173475041027845,0.002537436289808057,0.001746715734188584,0.0061318214694726465,2,5,0.5084745762711864,-0.00027392503212832946
5000441008.avi,0.5310854828929233,0.007139635415991378,1.0,0.0,0.9898460318644842,0.009203185945145968,0.014006015542919277,0.9838861932357152,0.05846685216876341,0.002772598900479763,0.3516732418329259,0.006137084987272094,0.6257731769448627,0.006547929108700931,0.00510695307994137,0.03079634911522621,2,7,0.5084745762711864,-0.006266900964138837
5000441009.avi,0.5319483314864415,0.004913271869437926,1.0,0.0,0.9892298817634583,0.0017174054882217742,0.00218325024281044,0.9832086478670438,0.06011810109656227,0.0007805639100011928,0.34731038736258646,0.0018221428820799502,0.6294839768071971,0.0023779394081032412,0.002012843864814868,0.005060192121521472,1,4,0.5084745762711864,0.00039530691388664583
5000441010.avi,0.5327552017538095,0.004823379789528575,1.0,0.0,0.9889499992132187,0.002166499542325879,0.0024530930948381425,0.9830246781309445,0.05889895288261445,0.0009346064841540497,0.3493799259166994,0.0027455690783014055,0.6302774758541828,0.0025921288097551253,0.0016681539599160374,0.004504396424741424,4,10,0.5084745762711864,0.0005868944765095264
5000441012.avi,0.5470398979446637,0.0076012783463633255,1.0,0.0,0.9887215822935105,0.003653401808193788,0.0014573318098876171,0.9825586780905724,0.0613818606250008,0.000883661396826763,0.34439881352129487,0.00234957596629046,0.6306517536598572,0.0021263011508664033,0.0017165995606811591,0.007722289901195763,3,6,0.5084745762711864,-0.00013938106547543264
5000441013.avi,0.5320913274480163,0.00873012257052957,1.0,0.0,0.9877586752176285,0.0036771016208900485,0.0039521196906934725,0.9819920475284258,0.059693945738367185,0.0013669928145111033,0.35490945884985853,0.004026273437311073,0.6364566493825362,0.004478897931123214,0.002416154153596121,0.009695035389944515,1,10,0.5084745762711864,-0.001011249545493975
5000441014.avi,0.5510298916825999,0.01526181590585506,1.0,0.0,0.9909529666105906,0.010679151618225809,0.01488432189955986,0.9850647379954656,0.058250931715567805,0.0037668182694699675,0.34774167246769944,0.007362077439705249,0.6216427114077886,0.006883623345343254,0.0044961427809086275,0.03165677590015532,1,8,0.5084745762711864,-0.005282638943289706
5000441015.avi,0.5514605892410909,0.006851573152451877,1.0,0.0,0.9913063287734986,0.004295914875724663,0.002864027201373751,0.9853486468394598,0.060139538458131546,0.0019091024412600161,0.3423578258445457,0.0019193941424812796,0.6229952485155295,0.004161209657826584,0.002162588708130587,0.006581278950843971,4,3,0.5084745762711864,0.0008060077054665776
5000441016.avi,0.5517787203457126,0.004464718679150797,1.0,0.0,0.990996406475703,0.0018824312335275935,0.0017785781738441067,0.9849467014273008,0.06028553743952834,0.0016544274633183871,0.3432856288258132,0.001560460149516789,0.6226444332171875,0.0033329712819205725,0.00215004372663944,0.006886018845115512,4,4,0.5084745762711864,-0.0007021273773916085
5000441017.avi,0.5501529871697355,0.0038120925696478267,1.0,0.0,0.991168075799942,0.0018266901045100458,0.001348614615199199,0.985124462346236,0.060720777426678134,0.0008091358208931499,0.342943028215605,0.001990431470726513,0.6232943402355738,0.0026783787391235193,0.0019399629278586813,0.007021277378069116,3,4,0.5084745762711864,-2.1617440175729016e-06
5000441018.avi,0.5494942832324555,0.0057898621398207225,1.0,0.0,0.9908787578344345,0.002136533984409091,0.0012722872350666517,0.9847276742259662,0.060393951917838966,0.0014131978334149095,0.34517066432422977,0.003299251797002345,0.622375678915573,0.003655425209815518,0.002343919987740012,0.007894273780521781,3,4,0.5084745762711864,-0.00011912582843004709
5000441021.avi,0.5211506943886488,0.007798518550608707,1.0,0.0,0.9910109788179398,0.0034129634594917517,0.003133959333140405,0.9846568817893664,0.054786338784402755,0.0013067691461793784,0.3429382326959867,0.0032567497615574696,0.6079140467539339,0.0027027335384254064,0.0025798166594268824,0.010106369632768165,4,7,0.5084745762711864,-0.0005266851955196385
5000441022.avi,0.5229617776121341,0.014093789750471299,1.0,0.0,0.991407988468806,0.005308183000028257,0.005874348519350404,0.9851761018236478,0.05355985067591186,0.0019303581205587076,0.3464113821401508,0.006158569045648795,0.606641279872551,0.0019261532467192155,0.002442615854015848,0.005340217400498136,2,5,0.5084745762711864,-0.00032760584150055795
5000441023.avi,0.5137764975088855,0.004327762926851875,1.0,0.0,0.9914016197125117,0.00159150570437307,0.0020534802050209584,0.9852781390150388,0.053180506702253556,0.000736444745015063,0.34771434352275843,0.002003954346337573,0.6072328375108286,0.0016827744335090862,0.001782766706623517,0.0052959791228367305,1,7,0.5084745762711864,-0.0005434136565619211
5000441024.avi,0.5139322638341595,0.0072602034971408075,1.0,0.0,0.9912434736887614,0.0024999460311901783,0.0014871589018861271,0.9850110620260238,0.05502226011293647,0.00044722605406377386,0.3419464459364273,0.0012979570674250445,0.6079345578372733,0.0024457449944335565,0.0020457777062282204,0.0060430845165598095,3,5,0.5084745762711864,-0.0003798619724807038
5000441027.avi,0.5356843451869319,0.004317068784862666,1.0,0.0,0.9910955041646957,0.002622319427631863,0.0030641271968003246,0.9847402681907018,0.05710992892926825,0.0010520449544879934,0.3366998906516055,0.0022952853529986886,0.6064148734097073,0.0029622946770432065,0.0019979114570677944,0.009646938826741686,2,6,0.5084745762711864,0.0002495605286751564
5000441030.avi,0.5324920399980043,0.008087964423328339,1.0,0.0,0.9910799950361252,0.0019863766808780716,0.0017812995027865442,0.9848935241500537,0.052046306214885395,0.0009748170493886735,0.3519708534684353,0.0018785261827712085,0.6059745254477238,0.0024049731162524507,0.0017830804870178553,0.0061214609466401565,3,4,0.5084745762711864,0.0002290936243544467
5000441031.avi,0.5333916726646138,0.006986493335059414,1.0,0.0,0.9908903022607167,0.0032350882831691224,0.005063868495429329,0.9846586277087529,0.05345855669568966,0.001739074306705823,0.3461756511849732,0.004002621381003937,0.6051076651646498,0.0033481395533177714,0.002112191127075821,0.009598388387161464,4,6,0.5084745762711864,-0.0006149332494870886
5000441032.avi,0.5306904874651548,0.009921578540638791,1.0,0.0,0.9909475495417913,0.0023869245061105197,0.011325379632241877,0.984982010225455,0.05147456644076354,0.0032946809622586507,0.3549224918000555,0.010701271179037582,0.6062441460765146,0.0035153810494028158,0.0028027210792953986,0.016788070946164607,3,6,0.5084745762711864,-0.0001678613655466013
5000441033.avi,0.5265423537646484,0.005866308557532869,1.0,0.0,0.9905429820219676,0.003898278654105723,0.005456016229822492,0.9847730785608292,0.05056073271227723,0.0016195266112251612,0.3578664591577813,0.005118861149887205,0.6079679284673073,0.0038925083114476023,0.0035656722454708726,0.014034459020508845,5,7,0.5084745762711864,0.0006834876927345758
5000441034.avi,0.5297849001695111,0.023438843867250633,1.0,0.0,0.9904946694771449,0.06194589036415928,0.03967299100347009,0.9845303917924563,0.05293789674578029,0.0030787481149536704,0.35135208790779837,0.006551691869656882,0.6084712185442123,0.006458944016516416,0.012361169261268706,0.08305745755416212,5,10,0.5084745762711864,0.019547074502632926
5000441035.avi,0.5400077026144727,0.00976097675816612,1.0,0.0,0.9905030826727549,0.006438652333660215,0.007752313236970278,0.9847616781791051,0.05383284039136972,0.0016675321431712247,0.3522697033970206,0.006826896852508206,0.6023420888748335,0.0057954006596028585,0.003661339771037087,0.013166896314439758,4,14,0.5084745762711864,-0.0031376625253632102
5000441037.avi,0.5007696812879322,0.012175218907833274,1.0,0.0,0.9901877929766972,0.005649242775674245,0.00505759217545079,0.9845229715108872,0.05311946221966187,0.001477919079644504,0.34852403761519335,0.0031743943973438064,0.5958807001010464,0.0037859656279764543,0.002943098976679838,0.014740611545560441,4,6,0.5084745762711864,0.0009829385722148597
5000441038.avi,0.5224970722064943,0.00857693841565119,1.0,0.0,0.9899573494990667,0.003753980427412267,0.004394546641012674,0.9841755057374636,0.05592676844424642,0.0019004298448907337,0.34287555321666807,0.0022239747329779853,0.5955864309654658,0.006991565942644276,0.004329885239733426,0.013214201672952468,5,6,0.5084745762711864,0.0008637615974518001
5000441039.avi,0.5340745332299918,0.006751875839498416,1.0,0.0,0.9905063311258951,0.0034294633692298995,0.0016139680946539213,0.9847623154520988,0.057137848112902456,0.0006842507570245209,0.3434229618695933,0.0014483576809391947,0.6000899849314655,0.002087401020223677,0.0020163761314710665,0.005530989731117028,2,10,0.5084745762711864,0.0007355721471117656
5000441058.avi,0.5299533063153226,0.005124524014849922,1.0,0.0,0.9903686722119649,0.0015639656928105377,0.001738766214861388,0.9844003786643346,0.05989405886556602,0.0007094225967107703,0.3404521147724223,0.0016957021812614005,0.6135480689005861,0.002296049537254624,0.0015587768852712714,0.004405655666560934,3,6,0.5084745762711864,0.00029736801344662
5000441067.avi,0.5210937883227966,0.013635555736140177,1.0,0.0,0.989327484369278,0.007122822817111325,0.009687353442808742,0.9829568112889926,0.056037946184961274,0.0022841246631671044,0.36799026527568046,0.016012298616535196,0.6389682506447187,0.010629924667468482,0.0034950561450431605,0.019369493393635584,3,11,0.5084745762711864,0.00038956942887880333
5000671041.avi,0.3900434428078758,0.008494416219270672,1.0,0.0,0.9828124264876048,0.005168029158424017,0.006554901411757829,0.9787338276704153,0.08643313802493138,0.0018571717637713492,0.3704276947222796,0.0047776578420528175,0.7402586941616988,0.0038239772470080244,0.0037468418793645156,0.012594597403874776,3,8,0.5084745762711864,-0.0014197386378650791
5000671042.avi,0.4249895232267526,0.01539664312515485,1.0,0.0,0.9855548302332561,0.01149722009227724,0.01625915141833175,0.9809494107961655,0.09239861999475786,0.004121451679302031,0.3495294664063506,0.01674093257031176,0.7366938595193759,0.010061629024430887,0.004206020095080737,0.019776121432589118,3,12,0.5084745762711864,0.001129089333812513
5000671048.avi,0.4458785647543718,0.005116126842985955,1.0,0.0,0.9822038501501084,0.0024751031166555873,0.004072558181214555,0.980819811920325,0.08694188157047963,0.0009572966529251861,0.3805331233232895,0.002435451389159842,0.754894174724541,0.0059069188387702335,0.003277068658434378,0.01542076832517092,4,5,0.5084745762711864,-0.0010392268842513079
5000671049.avi,0.442467683286156,0.0046895357494777384,1.0,0.0,0.9827132244904836,0.002748054562666886,0.004528331181649769,0.9810538793603579,0.08853978340175175,0.0009546256720116155,0.37230217391561027,0.0026784154256703115,0.7541211123792732,0.003363658188606992,0.0024808684018446337,0.008292261442832153,4,4,0.5084745762711864,0.0007402878822255644
5000671058.avi,0.49840446353992013,0.069497846378845,1.0,0.0,0.983219160636266,0.06824020853263382,0.00840138937282595,0.9816988994677861,0.08625798170948712,0.002259838036462996,0.3909173246777913,0.006451037104883225,0.8327418594891144,0.007787764633237295,0.00866465244639299,0.1355095011117788,1,8,0.5084745762711864,0.0020007977124671143
5000671061.avi,0.4578257564898157,0.02997817607311378,1.0,0.0,0.9807601938645045,0.016313414687689206,0.024029378665510904,0.9809630220135053,0.0820956742626306,0.0050798854766771736,0.40164259345612857,0.01274018817430843,0.8301889768721924,0.010993728837823817,0.006700317275885239,0.06622217737124167,2,7,0.5084745762711864,0.006708849805955482
5000671069.avi,0.4532902284807572,0.01736331301206558,1.0,0.0,0.9834071377913157,0.008003457456386542,0.008031538419913003,0.9825918888052304,0.09065972570662054,0.0021791231495868627,0.38180655517068074,0.0034186675019226564,0.8437483443537434,0.004883074893471881,0.004430805255567238,0.013899718160701994,3,5,0.5084745762711864,0.0020717370403136133
5000671070.avi,0.47973909690577643,0.008822646773468506,1.0,0.0,0.9824035714070002,0.007336854563770612,0.007152126612190441,0.9831746329863866,0.08287324556564438,0.0023081209422182443,0.3970834823969908,0.004781129953645818,0.8227592932742226,0.009847304523991943,0.005802966578224129,0.015377748392379098,2,6,0.5084745762711864,-0.001888685959971697
5000951019.avi,0.4882502938599666,0.010253484688314683,1.0,0.0,0.9870758593082428,0.006760975848543145,0.0037584852448766842,0.9872815767923991,0.12528020796957845,0.0018035352138378595,0.270476841761252,0.008040989262620625,0.9080607285991316,0.014782393197620506,0.0035919820448476547,0.011165688365617031,4,6,0.5084745762711864,-0.0010786892549406193
5000951023.avi,0.4564982218077903,0.024151474829836005,1.0,0.0,0.9884699314832688,0.023429664809250992,0.058640994076682496,0.9877153327067693,0.11991077427173148,0.012936808769527517,0.3169509600372457,0.049833829280445587,0.9215943792326541,0.01723900163219151,0.01286466737582921,0.07527392489002706,3,7,0.5084745762711864,-0.002798626455399588
5000951024.avi,0.4198394484427959,0.01044074744808288,1.0,0.0,0.988455672065417,0.00593203530780175,0.006300748059251605,0.9864482298493386,0.12844186655533732,0.002873883406843255,0.3124242512671456,0.006545026731749133,0.9429521911824544,0.012527181416572821,0.0028941460644719263,0.01052048055793828,3,6,0.5084745762711864,0.0006494462933711899
5000951027.avi,0.46384677827194465,0.02502828584033291,1.0,0.0,0.9804337074359258,0.054528411794318665,0.054456854957691994,0.9857598866025606,0.1076937274980974,0.012483163665677777,0.4259882704920163,0.03518540769194372,0.9719230263366216,0.01999415301769169,0.01801499058061134,0.08608016452073632,3,27,0.5084745762711864,-0.022447910924943672
5000952034.avi,0.4069664235709929,0.007822904884982856,1.0,0.0,0.9763434370358784,0.0037226187138738568,0.0028891629929291775,0.9847253148754438,0.13569169021576172,0.0012343166220031788,0.2924560323838639,0.008729333709366027,0.9939240506372997,0.01666705631479566,0.0028856303752938313,0.007492980415640946,3,5,0.5084745762711864,0.0003490457485145833
5000952062.avi,0.4015942662344564,0.008346341482124708,1.0,0.0,0.9750019649664561,0.00678056031785584,0.006585173979177705,0.9843235443035762,0.14755662823893384,0.003360927964932836,0.31748400350616846,0.007024384957780554,1.0512978718037123,0.032173109023722196,0.006645770939506246,0.026317622128781193,3,5,0.5084745762711864,0.0033266866658314244
5000952083.avi,0.4024632398813921,0.029182629557158214,1.0,0.0,0.9750583877166112,0.049212217718842655,0.05517985614887153,0.9809133519728979,0.10803633742910602,0.009323247088509883,0.4338420063216997,0.03702270649935101,0.9695783305719226,0.03344369519158482,0.019193734864908815,0.11676592683853214,5,8,0.5084745762711864,0.024951148952103572
5100091049.avi,0.49378877389336023,0.015338084652276894,1.0,0.0,0.9748650302489599,0.0141376135989838,0.022570819036138667,0.9819015661875407,0.09268036059049593,0.007526365294399327,0.5114566512465749,0.023885352189352227,0.9780435198355588,0.015846700399482917,0.006562621313350279,0.040571825597158835,4,4,0.5084745762711864,-0.0035472482220366263
5100341043.avi,0.4245889272371095,0.0034936966394706957,1.0,0.0,0.9824260751406352,0.003588519294312769,0.0024848049132283486,0.9803552637497585,0.0927066756931955,0.0010189659228827573,0.41507975043244766,0.002352023872427739,0.8897996095404944,0.0034811276519785125,0.003461542266340449,0.012560875134932726,3,4,0.5084745762711864,0.00023073726692130836
5100341074.avi,0.4138151092569019,0.005590677785536148,1.0,0.0,0.9826573272546132,0.002828506683416959,0.002637730340939214,0.9797019734978676,0.10138213782404569,0.00122444225677726,0.39059466404857457,0.0022220660382047098,0.9010724173305766,0.002533579846183557,0.004266640834660238,0.010491090468484121,3,5,0.5084745762711864,0.0005548880683244111
5100342022.avi,0.3991356813108234,0.007195114346922131,1.0,0.0,0.9937621921300888,0.003531696632451853,0.0034184996570035546,0.9943507487575213,0.06047142791023212,0.00290052441975796,0.46658442081101736,0.0072404027867497295,0.8845751904191091,0.01435418008397568,0.003959497548300993,0.011640350142175961,3,3,0.5084745762711864,0.0006481277882777296
5100342023.avi,0.4025843703056678,0.007384744979381641,1.0,0.0,0.9935582518577576,0.0033990824717858178,0.002687953260890712,0.99425345013539,0.059069224615705046,0.002414016488895355,0.4687953090275935,0.0066291738969014545,0.8932476078757473,0.01241079760531221,0.003744421956302394,0.011697453844359933,4,4,0.5084745762711864,-0.0006849664474158734
5100342024.avi,0.4043470860206355,0.0064863600706042985,1.0,0.0,0.9935911188522975,0.0022165571658670476,0.002265229437994763,0.994292643169562,0.060266627736955035,0.0018219633019830941,0.4680668317011634,0.005260363632284458,0.8828318912343949,0.007763362859264475,0.0029372769855417103,0.008101437684095089,2,6,0.5084745762711864,-3.1479192134607325e-05
5100342028.avi,0.4370725696234176,0.010164883170337547,1.0,0.0,0.9919750213623046,0.006947923261184702,0.0042525196134559455,0.9932593236366908,0.1363044279254343,0.001905355643798825,0.1561327474149245,0.005447905947800224,0.8267362782841315,0.011049586331173563,0.005144443216599666,0.020145013963155066,3,5,0.5084745762711864,0.0008529259827426382
5100342036.avi,0.4526166278006981,0.003539324041392476,1.0,0.0,0.9917280495166778,0.0037070258752910654,0.003094591624079665,0.9935247118274371,0.13915638195515062,0.0016536264361394373,0.16288793179485977,0.005192709791612308,0.8526535920585518,0.006670885581965595,0.004317506745102904,0.009380052400153228,2,4,0.5084745762711864,-0.0003340395989714041
5100342048.avi,0.3671533754746418,0.0049426919524259766,1.0,0.0,0.9817752271890641,0.0031524085641460742,0.001968662431868488,0.9780288890004158,0.08779506466753026,0.0011176149808925374,0.43317385020787397,0.001898637956330683,0.900087692246829,0.0030222224029144563,0.0030200072200157898,0.010249772034845353,2,6,0.5084745762711864,2.9937749094928728e-05
5100351001.avi,0.5366211582151419,0.045484123189757496,1.0,0.0,0.9812887003024419,0.03955106055038116,0.021632215676802534,0.9872802893320719,0.1262583928690328,0.005334354138897788,0.3309357146497802,0.021289061612643084,1.041580337288573,0.04897095347561747,0.014691882048974803,0.05800381906035822,5,5,0.5084745762711864,-0.007831083643088366
5100351002.avi,0.5379915340083156,0.02237717671222967,1.0,0.0,0.9795108725627263,0.02151555664838384,0.017594355055479363,0.9872619678576787,0.12092737017433887,0.004975184041023608,0.3610732812684324,0.016623546403130116,1.0550789374666354,0.011802076793680531,0.009266140004780689,0.03041368949497272,5,8,0.5084745762711864,-0.006947041611855911
5100351013.avi,0.5408112229934338,0.007409224058509529,1.0,0.0,0.9812161723772684,0.005524138082966554,0.018693434519519245,0.9871545374393463,0.09969511261039238,0.0065288893242665775,0.44353891408540813,0.018635719583761808,1.0551521818951668,0.009649732159745222,0.005607667671503158,0.0295321060503275,3,8,0.5084745762711864,-0.004662060487437499
5100351022.avi,0.5551112991682682,0.006069052497493986,1.0,0.0,0.9815248350302378,0.01411790580532502,0.023063448992413915,0.9877775758504868,0.10796590222213057,0.008056038053097155,0.41258237417136273,0.028678359905307736,1.0564592422462413,0.007979594567378269,0.00449129155202649,0.027560298797797457,3,4,0.5084745762711864,0.0023308206492210575
5100351042.avi,0.5504843011987504,0.045654539218099366,1.0,0.0,0.9780156185229619,0.029971728770672893,0.010651095270578894,0.9858046551545461,0.1007193104144716,0.0026313779615767027,0.45585837097128323,0.006742519509797109,1.0902215151564718,0.015217126963399758,0.010797323548271436,0.07331688456628331,3,7,0.5084745762711864,-0.0008529821650551939
5100352022.avi,0.5129599802879283,0.06034704157927118,1.0,0.0,0.9779974857966105,0.05582656330122081,0.0422798853342973,0.9856781969467799,0.10748737434061381,0.0105387810937484,0.42763154023725547,0.031808779259149836,1.0746885657196417,0.02056459095570514,0.013250842572910057,0.058149592564321353,5,10,0.5084745762711864,-0.0076953694916802595
5100352043.avi,0.5198446075086162,0.07794917987297804,0.9666666666666667,0.0,0.9789368530114492,0.04461026031691355,0.01611462336300588,0.986004118124644,0.11347740452246599,0.0036464491532730687,0.40773957541921335,0.015058413385487262,1.0667675017471545,0.013614538113499013,0.012616400835599045,0.10539829655445264,3,9,0.5084745762711864,-0.002396074346999495
5100352054.avi,0.5162945408963668,0.006436711773343093,1.0,0.0,0.9761777480443319,0.009947459348701834,0.00608937389029843,0.9857470586895942,0.12505820659236536,0.002045646120144753,0.3887186423455196,0.008437692193123379,1.0885401144901354,0.009491377082225274,0.004658261363424369,0.018618292141225526,4,5,0.5084745762711864,-0.0017656331185215896
5100401023.avi,0.6134908428932881,0.0030013708319587052,1.0,0.0,0.9825956175724665,0.0018738865789296232,0.0017035644792198939,0.9829251671830813,0.09406422279910906,0.0007665020451194209,0.4653476776170441,0.002135446999729307,0.9469173922498172,0.004809234782944179,0.0021059260544638255,0.005088003416903674,3,4,0.5084745762711864,0.0002385965316509765
5100401034.avi,0.6322694540527928,0.04170220708621434,1.0,0.0,0.9780672828356425,0.031974962185116855,0.03002756736060048,0.9789821495612462,0.10322392683308149,0.007368242961417162,0.41378713817613644,0.03702289255875723,0.9752952823131839,0.01577786610779759,0.012634232491118351,0.03363688628671284,2,7,0.5084745762711864,-0.003445733588002122
5100401043.avi,0.6052837370542014,0.005329179049579242,1.0,0.0,0.9783902058998744,0.002659954220962459,0.004349906285626727,0.980694584051768,0.10171673069902216,0.001881473575312023,0.43604092977886655,0.008716069756382124,0.9662887253079212,0.009008618629262147,0.002077157344071986,0.005838346253245399,4,6,0.5084745762711864,1.1267767885098957e-05
5100401065.avi,0.5936486553017409,0.0032682551317898046,1.0,0.0,0.9805238207181295,0.004396256901065319,0.003411193334638895,0.982709493736426,0.10121925971835097,0.001563933325518273,0.4537931299035822,0.005345264613254863,0.9762412173900049,0.0032353937483479258,0.0021546193273289903,0.005690310273538007,2,6,0.5084745762711864,-0.00013681329114330777
5100402001.avi,0.5618317930545975,0.008338213015366707,1.0,0.0,0.985220754146576,0.005784730260495432,0.004886141023752061,0.983595163623492,0.07776889487284061,0.0018618786093060375,0.4023260351568918,0.004904596015294142,0.7675634997604114,0.005675741895987085,0.003121387153142114,0.01176867336800108,4,5,0.5084745762711864,0.0010471928769860894
5100402062.avi,0.6200250101853311,0.005396311529823878,1.0,0.0,0.9837887704372406,0.002480464927720814,0.0028612022949656445,0.9821397885680199,0.07318172297538078,0.0014082376042211925,0.4763867890193901,0.005947051271778165,0.907410816304216,0.004760046340828616,0.0020947645418609427,0.0055994305882348175,2,4,0.5084745762711864,-9.45136984510193e-05
5100402063.avi,0.6092266144957159,0.0079855558717029,1.0,0.0,0.9833237300316493,0.007777924482473586,0.00299546275986679,0.9822487592697143,0.07290700522206402,0.0013877306193068664,0.477804027298392,0.004231238423954111,0.9076222869788276,0.003618296741967675,0.0027149147081153412,0.010421325398973573,2,6,0.5084745762711864,-0.00112129972881031
5100452016.avi,0.5275830098826183,0.0030116062039500526,1.0,0.0,0.9630747228860855,0.004899360002002275,0.008019193894337926,0.9777136147022247,0.09012648996175551,0.0030025533814459623,0.5245913316363775,0.007928685367359216,0.9926667989136236,0.00608596825024817,0.0049961806161926215,0.015665983063172337,3,11,0.5084745762711864,0.0007978048887965442
5100461007.avi,0.5142918062468516,0.007932773272952607,1.0,0.0,0.9810801019271215,0.005223940723689637,0.009336666869332834,0.9834347233176232,0.08543574751652334,0.003173757966198497,0.5102694918481379,0.011119566455898598,0.956907154297823,0.0076803609341221215,0.0069964561408288216,0.023331025358039114,2,4,0.5084745762711864,0.00016418315674274295
5100462003.avi,0.44644479070238624,0.04445590174908334,1.0,0.0,0.9838884423176447,0.01947340014292472,0.007965682325267329,0.9841126670440038,0.09577620640153686,0.0027575398453865306,0.4796533481131048,0.011118944228143876,0.9449946461589414,0.009654836038500097,0.008384790242623657,0.047176551259204474,3,4,0.5084745762711864,-0.0007304051334775137
5100472001.avi,0.48329542736837194,0.026356797957666676,1.0,0.0,0.9701928704977035,0.0172412907409591,0.010324056571425466,0.9711172754565874,0.10556566847793676,0.0033787908512852923,0.5054565331811092,0.014603727456633596,1.0237149675871662,0.02742187874786619,0.007892723493393403,0.029064434985053792,4,7,0.5084745762711864,-0.0032749021058289546
5100472058.avi,0.5288503168618272,0.0318531045317899,1.0,0.0,0.9740431576967239,0.02869685753068672,0.055133560583360705,0.9789364571372668,0.11420247856585793,0.008071221945051077,0.4037348000077618,0.04755210197059461,0.9380145667620313,0.008008477346065133,0.014196132794492503,0.10502963097968983,4,10,0.5084745762711864,0.005186838626157092
5221290110.avi,0.5057434923128946,0.03784156925078498,1.0,0.0,0.9866162151098251,0.020277756451537763,0.0025386377417987347,0.9816033954421679,0.08764472200583448,0.0016784437479904087,0.27264839388440404,0.005754856370081691,0.5743981897119971,0.005678909239873301,0.003489849429948101,0.019735184004566687,2,7,0.5084745762711864,0.0013273445780427754
5221290111.avi,0.47620775811056576,0.013494889033087274,1.0,0.0,0.9857893337806066,0.005728971777188468,0.0076841289646932,0.9797143543759982,0.09019547291067272,0.0017087149900659828,0.2722582581628342,0.0076134392520104295,0.5765554125715892,0.006752885173039573,0.0034592657018807024,0.018774162825429007,2,5,0.5084745762711864,0.0015285960242700132
5221290280.avi,0.5048512120595477,0.005209652570155379,1.0,0.0,0.9870852292594263,0.002125752265140385,0.0021657815450178554,0.9809040846460957,0.08228088736630014,0.0012329302683426024,0.254896663316612,0.0044028575791057265,0.5475158788323712,0.005023512563833747,0.0024957043594910984,0.006450569331882091,3,6,0.5,3.932256229416051e-05
5564630126.avi,0.5491138296875321,0.06703940646185372,0.9166666666666666,0.0,0.9866625080506007,0.10904633994581237,0.07051010583877088,0.9916555648048718,0.12560160777116755,0.021055056069001238,0.34257726455212134,0.07312266846240276,0.9504848577044952,0.06434422167504962,0.04433223808916299,0.12825267419889252,4,8,0.5084745762711864,-0.0344648414568871
5564630132.avi,0.40937288173986935,0.009791123476120595,1.0,0.0,0.9833991676568985,0.007468491448016715,0.006439576633378711,0.9792212024331093,0.09277063820824576,0.0017761516870276183,0.3377471327579002,0.009752526553384778,0.8465937769788724,0.04912761974785761,0.006111566853852194,0.015011613296082783,4,6,0.5084745762711864,0.00014258688098262202
5564630137.avi,0.4466253432977284,0.02033716145463119,1.0,0.0,0.9809041361014048,0.07275341794062386,0.03696305673786545,0.9785490224758784,0.09609711588149093,0.007364242148549911,0.36730433784155186,0.03135487362781631,0.9419832910981127,0.0740965458975772,0.015024855102785447,0.06914988013961967,3,8,0.5084745762711864,0.017235972205675097
5564630138.avi,0.4596096084643878,0.005986220508422887,1.0,0.0,0.9765563060839971,0.002064019636577908,0.0024464354887216776,0.9759951387842496,0.10329820450105776,0.0015437939572337791,0.36385860830355093,0.00929621675878281,1.0040685795108721,0.030667605678690445,0.003646287471313286,0.00859451724227658,4,7,0.5084745762711864,0.0003973104734292616
556463014.avi,0.5136532472048551,0.019957849057200026,1.0,0.0,0.9839982946713766,0.011502228908476351,0.011437573620249051,0.9895524134238561,0.11986569500450171,0.003784474486838609,0.40159469889254135,0.020727126031588383,1.021931124842399,0.02414578822161737,0.00672223259609254,0.023934389244721698,3,8,0.5084745762711864,-0.0028712468454197794
5564630141.avi,0.38844471406631637,0.050254650540543726,1.0,0.0,0.9832598646481832,0.13892324281802076,0.017248976644800875,0.9798227856556575,0.09507964913630415,0.0024497905364302954,0.35019494497362674,0.017201556365771305,0.9774817917765299,0.050415725383169144,0.012955286520828398,0.05744952864882748,4,14,0.5084745762711864,-0.018858484946642693
5564630154.avi,0.5060581004683697,0.09684508637184551,0.9333333333333333,0.0,0.9745386719703675,0.06672229281064182,0.045982774269350074,0.9768817827105523,0.09596424204223922,0.007056720525789862,0.43192309185519345,0.04230881850500278,1.0582206666202276,0.05940602251572034,0.022235851016885713,0.1081260823344603,2,26,0.5084745762711864,0.033515136915361655
5564630156.avi,0.4522235239856374,0.005797229480375043,1.0,0.0,0.9738674581050872,0.004759433519393819,0.0038026608289610272,0.9746568103631338,0.10163455913630177,0.0023311669774788444,0.40444145067340703,0.00632313245445885,1.0893585826068628,0.021839062751089423,0.004863164009196728,0.014683356159545689,3,7,0.5084745762711864,-0.00022765472540594873
5564630168.avi,0.4229595772053891,0.0739577958463112,0.9795918367346939,0.0,0.9806159526109696,0.1567985426246859,0.07656812018144467,0.9801219602425894,0.12271456184793443,0.011634187722773144,0.39723533147081724,0.06074945917751074,0.9509189007547272,0.05691388817463841,0.021554586090418867,0.15124166883907816,3,11,0.5084745762711864,0.009996324750813312
5564630211.avi,0.5703959378775674,0.028429229370677475,1.0,0.0,0.9889147808154424,0.037854959280847485,0.026071397341954478,0.9917275488376618,0.11232703702675165,0.006584374708105897,0.3849022080879531,0.02647439098902869,1.0271581679521908,0.03312238108087397,0.017476272131694216,0.059245808999871336,3,15,0.5084745762711864,0.005357509482072425
556463022.avi,0.4644899104740005,0.07025322665126918,0.9411764705882353,0.0,0.9843937973181407,0.16905174785401045,0.026722652170289768,0.9676403378446897,0.10427194174257103,0.010076996655912544,0.41284605502925437,0.022607236264299838,0.9962086467003916,0.051568192919890586,0.03549611018262019,0.35024443348004797,4,11,0.5084745762711864,0.05357364691065065
5564630226.avi,0.4693867546914323,0.08401073893871909,0.90625,0.0,0.9922874391078949,0.05900251798796827,0.030954826494362823,0.9838006983200709,0.08734282280514533,0.010139878265755251,0.42353625612027257,0.03739515802311055,0.8588338384723289,0.036456883752147874,0.02049571652336759,0.10092964710644105,5,11,0.5084745762711864,0.005753068455280647
5564630238.avi,0.48042914597258746,0.007222905166902746,1.0,0.0,0.9934772362311681,0.0025628492101852783,0.0031045267009746865,0.9922541543841362,0.09164534175110498,0.0014246872740690734,0.44033994048064584,0.007159184218157618,0.8811785362682639,0.015134643093254352,0.003169167976043737,0.007466412843857186,1,6,0.5084745762711864,0.00040489142067810357
556463025.avi,0.4961132200921383,0.03303607157784391,1.0,0.0,0.9821923702955246,0.07866025514438042,0.023082495067459952,0.9894443621238073,0.11692859580196988,0.00708003976370681,0.38982263430742786,0.018455264182705204,1.0271500884077114,0.03464462438112198,0.019986052995883862,0.1038627076471667,4,17,0.5084745762711864,-0.02141516844433731
5564630257.avi,0.569637207053,0.005141905989782077,1.0,0.0,0.9885828624169032,0.003583047061397301,0.0029455448893771414,0.9914205893874168,0.0959408160902871,0.0019625273449065533,0.43454314215417483,0.007439753326413795,1.0569263425262598,0.013592550923350936,0.005539691627478634,0.014118267413404396,1,4,0.5084745762711864,0.0002496968204203486
5674960155.avi,0.5153852539202062,0.0253002612127105,1.0,0.0,0.9825972110033036,0.03582618270270527,0.014418376835056854,0.9805354088544845,0.07578241533543248,0.003779081869949672,0.37148351340911234,0.008838363552137282,0.6681450474032622,0.01741695811712249,0.008131580916902142,0.025097810275667973,3,6,0.5084745762711864,-0.006555821216437609
567496021.avi,0.4556750213346857,0.055402304765618395,1.0,0.0,0.9852707793315252,0.04106897107212857,0.023708069481122827,0.9821519454320272,0.07541929320217014,0.005894499676077058,0.3785940909848158,0.030392993931332428,0.6693932666290887,0.011673879290255873,0.013290853918553815,0.09252051944373803,2,9,0.5084745762711864,-0.0137994373152601
567496022.avi,0.49038764947198366,0.035835411921970595,1.0,0.0,0.9855984220902125,0.031676469397091386,0.023022302171283426,0.9824313888947169,0.07400677966660528,0.005597955319201943,0.3880205230624184,0.016811403455143425,0.6696184795687891,0.009391241856182918,0.0076144695992933845,0.031823412458759436,2,8,0.5084745762711864,-0.0030415394363520693
5674960222.avi,0.4577166818464486,0.07979496719109529,0.9107142857142857,0.0,0.9866539100805919,0.052773101814591966,0.02261499476268043,0.9821283136804898,0.07904773618794682,0.0032411480488013307,0.3680700281002249,0.025060028155453225,0.6722800697004299,0.013410721387605433,0.013679090791027628,0.10607961470929049,2,6,0.5084745762711864,-0.015216134775018769
5674960225.avi,0.4971805624308016,0.007193199446162969,1.0,0.0,0.983963918685913,0.005940563056346879,0.003538598575169002,0.9819527134299278,0.08287960609251448,0.0016526937390154758,0.3394406699807632,0.003190209927140263,0.6558595743339218,0.0064973841671720385,0.005294689583024651,0.012730794563527692,2,3,0.5084745762711864,-0.0004862512847163495
5674960283.avi,0.39654129898562607,0.14600833572033242,0.7843137254901961,0.0,0.9911848425865173,0.07756634824783269,0.03392215304857507,0.9813637018203736,0.08090983796896035,0.007229450024933551,0.37840694286705934,0.027883600335412435,0.6741683352159721,0.01703512948422459,0.018670896903617513,0.10558080732994803,5,4,0.5084745762711864,0.003635837175179145
5912920128.avi,0.5391365485873219,0.006591010485859961,1.0,0.0,0.988615960876147,0.0033963963279922994,0.003473799129011686,0.9885491450627645,0.07157117713353871,0.0015699233901019295,0.35958286378867554,0.0046990608851650555,0.8605663519272564,0.0065516746108354885,0.003239126987068438,0.009216875841682149,4,4,0.5084745762711864,-0.0003085176996846144
769862017.avi,0.5722893121989777,0.010024515957343159,1.0,0.0,0.9885573953390121,0.003725971094289169,0.004739763950191504,0.9931544800599416,0.10890728441837379,0.002233950777544955,0.36652126624542297,0.006211272609009894,0.9000897609736429,0.010158315001128399,0.003828996138434655,0.010710092775909542,2,6,0.5084745762711864,0.0011084125957972076
7698620233.avi,0.5526698428953641,0.004677972029080275,1.0,0.0,0.9895791480938594,0.003503956862673438,0.0029328953249795524,0.9941836833953858,0.09356333827371799,0.0016448076131721646,0.39767523839480445,0.00536725210565175,0.9589884001428125,0.009250127046777754,0.003335812583571167,0.007779239487196311,4,6,0.5084745762711864,-7.286128756629805e-05
7698620252.avi,0.5747231793653328,0.029506512924792578,1.0,0.0,0.990655979514122,0.0298089294674769,0.007781688312542032,0.9936969329913458,0.10519381581570393,0.003261471254332262,0.35618343479129216,0.01128049298462522,0.9355485252062475,0.017028559425099794,0.005437362885869725,0.01803637305378284,4,6,0.5084745762711864,0.0016265676929969174
8264120116.avi,0.36716225532973684,0.013185823838939917,1.0,0.0,0.9958521505196889,0.005367524845600824,0.0020076666430757814,0.9892257129152616,0.07373028115890672,0.0013013372832421527,0.21172620018092697,0.00487033160981682,0.5312979443052823,0.010089038282027538,0.0023213731594572853,0.0071496083776242236,3,7,0.5084745762711864,0.0003269148056647413
8264120120.avi,0.47153241235916754,0.0493597384843953,1.0,0.0,0.9590130612254143,0.032047521427306894,0.0772032038063861,0.9077571883487204,0.05862913009461972,0.010741695689933089,0.28955579987123403,0.041387696904926004,0.5455778482495053,0.04222592964278795,0.015607732423890398,0.0871052860016148,4,17,0.5,-0.014876682984865863
8264120123.avi,0.5168654358064293,0.051873974546852455,1.0,0.0,0.995799082517624,0.03049322797772634,0.004596164446611079,0.9913413966695468,0.060180233332417114,0.0018733509931557117,0.2676996760628865,0.011656274685910437,0.5598643296102225,0.00917311569082379,0.003492240816526571,0.016779734831973016,3,6,0.5084745762711864,0.002876570750008974
8264120127.avi,0.24482566142809561,0.058147506818062175,0.12244897959183673,0.0,0.9947925885518392,0.05412184516372072,0.03889361090346334,0.972568773974975,0.05158452845589842,0.008277464972111317,0.32172508668020333,0.0158573191779355,0.5066288584377775,0.024572913238758223,0.01296679660667919,0.08584870466537944,4,6,0.5084745762711864,-0.01689593545343121
826412013.avi,0.5668765404621652,0.04819644683204087,0.9830508474576272,0.0,0.9959189136823018,0.06662715768221564,0.05677481005087868,0.9910967205961545,0.06832136367195775,0.014331563828571118,0.29031177441718686,0.035634221179349924,0.5888508670338636,0.0543375612886839,0.012511169553836717,0.038946470407715456,4,15,0.5084745762711864,0.005420412363349119
8264120150.avi,0.6472188200670291,0.0071113105829789846,1.0,-1.0,0.957223778963089,0.003576609790555742,0.005841553547067024,0.9833548660079638,0.1914935975035017,0.003437613649323709,-1.0,-1.0,-1.0,-1.0,0.006049946313358726,0.025606110996447183,2,6,0.5084745762711864,-0.0012695572992435997
8264120156.avi,0.6075538489583907,0.05194517631939787,1.0,-1.0,0.9411958952744802,0.15137540552432385,0.09030847697377926,0.9556258350610733,0.17496039851292924,0.019086880717817844,-1.0,-1.0,-1.0,-1.0,0.028317669773033887,0.09594761000350348,3,20,0.5084745762711864,0.012442534926610526
8264120169.avi,0.5049953230409066,0.06451204522040946,1.0,0.0,0.9537794023752213,0.14312555975036487,0.07237179586018129,0.9731945981582005,0.13263478220635194,0.010071149614834355,0.26099806199971665,0.06304676049294072,0.8609442483093861,0.12442085703947713,0.0366468432289265,0.127652074874405,5,9,0.5084745762711864,0.016011667472447977
8264120211.avi,0.5043736084278777,0.023933273270645723,1.0,0.0,0.9344635417064031,0.031633859573491706,0.039645647684390196,0.9719677771131198,0.1371217241193304,0.004779424335161933,0.2425209972682495,0.048773318584122885,1.0160412166044888,0.016047833164866937,0.01095884314755237,0.06736268865313658,2,7,0.5084745762711864,-0.004697907030883557
8264120231.avi,0.45900359579990296,0.08802844542560342,1.0,0.0,0.9615426331758499,0.06990339066156027,0.038184412416638586,0.9722806597749393,0.08818468459541709,0.0037945798577580796,0.5170483770422052,0.027231209171132656,0.9750978297993953,0.02317764666755852,0.020010968135250363,0.046577826866353415,1,15,0.5084745762711864,-0.0075591003745897785
8264120239.avi,0.5148463479843803,0.012784485281022257,1.0,0.0,0.9482948591311773,0.06869008989187678,0.09686248515899828,0.9742557416359584,0.11360304234169041,0.021761198529961532,0.44066672475769497,0.020592542224181307,0.9790019482158118,0.02332882951394757,0.012123116413409622,0.059704720222591365,4,5,0.5084745762711864,0.014530080332153746
8264120240.avi,0.5525159793019686,0.08954192443518362,0.9818181818181818,0.0,0.9641355723142624,0.17082083997287478,0.2318659520957485,0.9826182221372922,0.1377434224272651,0.027415226585859206,0.3678610742422995,0.08627122054014813,1.0404296090112999,0.058148483196558125,0.043334640927413466,0.13582501202480535,3,7,0.5084745762711864,0.0010144150108242836
8264120243.avi,0.543516410823225,0.09197133789377882,1.0,0.0,0.9743283907572429,0.15152245148711596,0.2628793968204904,0.9807115286588669,0.15253340027678258,0.02996192388387673,0.24513951014860266,0.1180638226222675,0.9820637112259275,0.11857598080001881,0.04827826371942858,0.1387880177370739,2,5,0.5084745762711864,0.016370062343543976
8264120249.avi,0.3933497978656069,0.034738339693049805,1.0,0.0,0.9948286592960358,0.007654177836601096,0.006755840661227381,0.994984841843446,0.16027109732520342,0.006460302435861894,0.20574146424240644,0.020836253613503365,0.8678468770254544,0.06047763124159337,0.008663983403689204,0.021939266426972328,3,8,0.5084745762711864,0.0002406680200449738
8264120254.avi,0.5138731961241277,0.010101396451089779,1.0,0.0,0.9668941597143809,0.00896345292787941,0.00584622946609531,0.9784329642852148,0.07764962069301165,0.0020150603399156693,0.5407828045856212,0.008059300966756552,0.9511768661073299,0.015592868625541996,0.004488921060058056,0.01597058055591913,4,4,0.5084745762711864,0.0016463346267587046
8264120256.avi,0.5201877243034274,0.018615193153731162,1.0,0.0,0.965214337905248,0.013641049806069316,0.003815995072199868,0.9792618761459987,0.08239872486857606,0.001622230817715915,0.5473432448092699,0.009889045523096569,0.9804357318763586,0.01664124956446389,0.00454881512200924,0.01795789089286696,2,6,0.5084745762711864,-0.0011014001915545793
8264120261.avi,0.3679032970780533,0.074207285740115,0.75,0.0,0.971400848031044,0.00620736117010581,0.011511168322820972,0.9777842367688815,0.14189513302882903,0.002974724619829377,0.31281993408412123,0.016899961303014566,0.9537409989505452,0.03839128212290973,0.006236278137080014,0.024135380213246287,2,7,0.5084745762711864,0.00037048899121372696
8264120262.avi,0.4065653810775844,0.07171139293155578,1.0,0.0,0.9710040857394536,0.009687810832289754,0.010133775536892785,0.9782432898879051,0.14148207381523487,0.0022553855366043087,0.30959316860157343,0.016972394959731126,0.9467329690010893,0.04177527470190513,0.0054315131910698455,0.021372862390117497,4,7,0.5084745762711864,0.0010119368412738706
8264120263.avi,0.3191153049449319,0.01174192092198706,0.95,0.0,0.9743681083122889,0.006217523016976384,0.004681215795635628,0.973946392039458,0.14471542025609277,0.0018376688142687943,0.2989939566073987,0.008222972268612955,0.9082930821954226,0.013796264010088734,0.004959029128735578,0.019850636116981516,3,4,0.5084745762711864,-0.0007356147464546454
8264120265.avi,0.3529910765496746,0.09219424476249986,0.6333333333333333,0.0,0.97325372894605,0.052808097189799556,0.04553539127793166,0.9778174996376038,0.13597897784403198,0.009333895745868223,0.3313331220668753,0.05675006083955984,0.975077190389611,0.03562665149722255,0.019843307337407662,0.0655386645388469,3,8,0.5084745762711864,-0.0043090273219598026
8264120266.avi,0.37432431119748616,0.07858492455441018,0.75,0.0,0.9681793282429377,0.1468179154330489,0.031514760735641335,0.967656168838342,0.14033753649290323,0.012250829652674792,0.341281563410212,0.041210824156167246,0.9588283037712616,0.05778413051931554,0.023117992282765693,0.09906618618452713,4,8,0.5084745762711864,-0.011256466903043279
8264120269.avi,0.39992758649098586,0.042075117725938145,0.9777777777777777,0.0,0.966309576233228,0.10801585581912147,0.09609382537290737,0.9744479840000471,0.10932151220594191,0.029209306848932217,0.4578467964443642,0.11695115863230833,0.9429663656837687,0.029855577452232947,0.010381540418283718,0.05876065807139431,4,7,0.5084745762711864,-0.009658045169702848
8264120279.avi,0.4808811446430968,0.005781169562624181,1.0,0.0,0.9773548185825348,0.004023234249552828,0.003242023699936546,0.9852609768509865,0.08515418075185761,0.00192199145893093,0.5484215452953651,0.004844337743827773,1.051728654151156,0.01333621635410243,0.004469080055601075,0.013446694773594208,2,4,0.5084745762711864,-5.724101348940705e-05
8264120282.avi,0.5289802572408382,0.061447111654602427,1.0,0.0,0.9636936545372009,0.15704113719566445,0.10590858290050242,0.979679229358832,0.1396152524153615,0.02633412664628329,0.46474744096923565,0.11419497268460896,1.0308588795778446,0.04195368225045194,0.034260108952246855,0.12567916348421457,3,17,0.5084745762711864,0.038161582310466145
8264120284.avi,0.44548009523696525,0.07106349231539101,0.9666666666666667,0.0,0.9683588743209839,0.2351316466471538,0.2551244260210052,0.9793870791792869,0.1317551773928734,0.013020002330181305,0.3164545101697614,0.07749999667511599,0.888371407537132,0.0692676366739457,0.05785986536983568,0.6209604655437435,2,16,0.5084745762711864,0.03448998131161803
9289010114.avi,0.4460248560163328,0.028231647317396094,1.0,-1.0,0.9373878628015518,0.0496406422250854,0.0744237200619529,0.9721751704812049,0.12947845393024388,0.013103350928274306,-1.0,-1.0,-1.0,-1.0,0.035081942550296806,0.2099288179973897,3,13,0.5084745762711864,0.0076413330126848256
928901014.avi,0.4990239639247761,0.027270235570073836,1.0,0.0,0.965535189708074,0.07810158157465173,0.08282313264388107,0.9772265166044235,0.12390712761563485,0.016582249492281348,0.3964273507827013,0.0899436807647575,1.0020592889094375,0.05562080316733445,0.03213902611237231,0.17593581362117747,3,10,0.5084745762711864,-0.02256994055771618
9289010145.avi,0.4759043118498734,0.026689391387190533,1.0,0.0,0.958133331934611,0.012584715788952837,0.011528351228135376,0.9723042125503222,0.1346884232726774,0.0029362731965065256,0.3194154116989666,0.008874750255813196,0.7865408210115555,0.016354941461558244,0.012000478866101942,0.03280760872822866,3,4,0.5084745762711864,-0.001780895711346613
9289010152.avi,0.4818349206726194,0.06735411825055275,1.0,0.0,0.9566764126221339,0.10602832333761952,0.10860230160178276,0.9753417079647382,0.10288840485251624,0.014746099940543407,0.5016995758292628,0.06929504793730631,1.0769260083275058,0.030516504759701264,0.058606643778643615,0.25335398590909614,3,10,0.5084745762711864,0.010662716105261233
9289010276.avi,0.5360970503447972,0.032708542736018024,1.0,0.0,0.9680404643217723,0.07054106644317858,0.10694280174752328,0.9821557437380155,0.11259477929626684,0.009374871891017905,0.48599271486871337,0.03289543914893059,1.0284577660297483,0.05259587924904092,0.04634492871206982,0.27284155639551455,4,21,0.5084745762711864,-0.07490578677048584
9403280271.avi,0.47497357575530635,0.0178607222932706,1.0,0.0,0.9939538617928823,0.01927026043500753,0.00990268572554531,0.9913130770126979,0.07792192448463402,0.002675099984698259,0.2542676597752379,0.006535346580504246,0.6128935972579684,0.01343621778925966,0.005277098963386952,0.024966388217921694,3,20,0.5084745762711864,-0.005076630462341225
9877360120.avi,0.5431065601290982,0.05263632662295464,1.0,0.0,0.9781279057264328,0.09756654496046342,0.11152389800016557,0.9790163785219193,0.09839485327521408,0.006680502972786538,0.3678054428521902,0.04356005039580301,0.7910226870622779,0.03861788103524791,0.025568557961561354,0.14139574893765902,3,18,0.5084745762711864,-0.028856992412788024
9877360133.avi,0.47768471052638733,0.06113657239201403,1.0,0.0,0.9787543962399164,0.1199587107587485,0.10350093730257542,0.980299578110377,0.10553091049483673,0.009728028160498291,0.3617690442543958,0.035326224994457305,0.8494815979224615,0.05911592582487161,0.019947509473425572,0.071829339470582,5,17,0.5084745762711864,0.010795179842852207
9877360157.avi,0.5668590580831895,0.006251147572328607,1.0,0.0,0.9730834474166234,0.00563495707180867,0.02009858288592075,0.9746664355198542,0.09614375275388962,0.0034779718984787526,0.40338174957571155,0.01438912297191488,0.8145644575995331,0.013070715904186268,0.004812378832370903,0.015523100477740318,4,9,0.5084745762711864,0.0018331656096700548
9877360169.avi,0.4271135596365665,0.11917142086471529,0.8771929824561403,0.0,0.9773862210370726,0.07116267725740053,0.03246564493563904,0.9752012430611303,0.08976834241345312,0.004464909620312508,0.4296980307763321,0.014412480459305424,0.818998114632428,0.034955707513070075,0.012932075244318091,0.05067483160067086,4,8,0.5,0.0074897634754501966
